0,1,2,3,4,5
강지은,85297,울산광역시 종로구 언주가 710-80,은지서타워,044-003-0781,jihyehan@example.org
김서영,30289,인천광역시 마포구 삼성3길 286 (병철김마을),정남김이마을 L동 255호,051-125-2374,zi@example.org
김은영,58171,경상남도 양주시 역삼가 774-95,순자최마을 X동 147호,042-604-5452,junhyeog05@example.com
전유진,30862,세종특별자치시 동작구 서초중앙4거리 440,순자박연립 796호,061-141-5252,theo@example.org
이현지,02159,제주특별자치도 정선군 학동거리 지하600 (정자이최리),도현류타워 라동 205호,061-246-9462,hayunhan@example.net
김명자,01584,충청북도 진천군 논현로 833-1,영길이아파트 435호,032-225-6700,gimseoyeon@example.org
김서윤,10467,경상남도 가평군 서초대0길 지하463 (예원최동),주원이마을 O동 810호,044-358-4972,eungyeongyang@example.org
이경수,11021,전라남도 옥천군 언주64가 57 (경숙김마을),정숙김아파트 982호,010-3006-6567,songseonyeong@example.org
이예원,26681,세종특별자치시 구로구 선릉가 23 (진호권이읍),성수윤연립,016-209-7155,kgim@example.net
김은지,50904,전라북도 오산시 도산대길 137,도현최최빌라 J동 140호,043-228-2865,jieunyun@example.net
박성현,93418,전라남도 용인시 도산대길 265,성수이빌라 602호,051-690-0546,simsanghun@example.net
이영숙,77992,강원도 가평군 삼성거리 지하184,유진황고타운,019-950-0593,yujinsim@example.net
김예은,87555,강원도 광주시 봉은사9가 379,현숙배타워 201호,016-282-0482,hyeonjungim@example.org
김예은,10965,서울특별시 성북구 압구정로 118,현숙김마을,019-721-5612,ri@example.com
이민석,77894,세종특별자치시 마포구 학동8길 400,광수박이빌라,018-448-0755,yunseoson@example.com
황지혜,86050,세종특별자치시 송파구 개포가 792-35 (현준박윤동),정웅김타워 Z동 476호,052-243-2687,hwangyeonghwan@example.com
한도현,36039,제주특별자치도 동두천시 학동길 603-51 (재호하신읍),정호주김아파트 D동 739호,061-033-6462,jeongsiggim@example.net
김혜진,53937,경기도 속초시 테헤란26거리 594,정훈배마을 577호,032-323-5757,seohyeoni@example.net
김옥자,49636,충청남도 청주시 청원구 선릉2거리 33 (우진최이리),정웅최마을 K동 773호,017-322-1072,jaehyeon14@example.org
김지훈,73841,광주광역시 용산구 강남대4가 102,예은김홍타워 Z동 719호,010-8827-4670,qi@example.net
장영숙,79348,충청남도 과천시 개포6로 150,정자김마을,054-626-3822,oseonghyeon@example.org
김서영,46198,강원도 청주시 상당구 가락980거리 249 (승민김문리),정자최연립,062-392-7204,mcoe@example.net
김재호,16176,광주광역시 성북구 석촌호수가 730-80,현준최아파트 638호,02-3452-9928,minsu99@example.org
박경숙,02868,대전광역시 마포구 반포대9길 549-39 (시우이동),영수김김빌라,043-046-2999,minjaesong@example.net
김영철,04744,대전광역시 강동구 서초대103가 836-34 (도윤엄마을),정자김박아파트 바동 423호,043-999-7655,seunghyeoni@example.net
정은경,49656,인천광역시 동대문구 압구정552거리 711-11 (예은윤동),선영김고아파트 390호,054-232-4807,heohyejin@example.net
고우진,89428,대구광역시 동대문구 테헤란7길 844,지혜하김빌라 987호,041-292-2896,ihyeonjun@example.org
허정희,43734,충청북도 아산시 영동대31거리 802 (윤서박최리),건우김윤타운,02-4180-2104,ygim@example.org
이하은,66978,전라북도 태안군 서초중앙01거리 82,진호이마을 나동 180호,043-227-2167,eunseoi@example.org
안재호,52927,광주광역시 중구 학동길 664-69,영자송홍마을 559호,019-194-7510,hyejin27@example.org
신성현,44430,부산광역시 영등포구 서초대가 463-67,보람김이빌라,052-038-1432,bjin@example.com
최준서,07799,서울특별시 송파구 가락30가 44,광수황김타워 238호,02-2945-3240,misug08@example.org
김민재,44412,제주특별자치도 안양시 동안구 양재천가 281 (광수노동),숙자김마을,063-439-4979,hyeonsug10@example.net
윤현숙,48809,광주광역시 도봉구 서초중앙08거리 776,민준박이마을 301호,053-046-6647,qgim@example.org
이승민,41808,충청남도 안산시 상록구 테헤란거리 678,예진김마을 Q동 215호,043-538-4768,sumin97@example.net
장영미,40656,경상북도 진천군 잠실로 31,우진양이타운 340호,018-136-8443,gimyejin@example.org
조정웅,46685,경상북도 과천시 선릉가 761-54,재현민김아파트 558호,033-088-8886,yca@example.net
오재호,25861,제주특별자치도 과천시 가락50거리 882-61 (영일이홍동),예진이김타워,033-435-9858,bagareum@example.com
심준혁,43385,광주광역시 영등포구 서초대거리 678,광수황강아파트,031-295-6621,wgim@example.com
김주원,51483,광주광역시 은평구 봉은사2가 759-4 (지후남이마을),옥자안마을 D동 824호,064-748-6399,gimsugja@example.com
김예은,98111,대구광역시 북구 압구정가 823 (명자이면),지우김김타운 바동 281호,044-378-6411,nbag@example.net
문영철,97998,전라북도 고양시 일산동구 서초대51로 86-52,채원조박타운 라동 806호,019-278-2626,jihuni@example.net
박승민,07525,대구광역시 강북구 봉은사05가 671 (재현장민리),민석이박타운 634호,010-5478-2200,bseong@example.org
서미숙,78462,전라남도 홍천군 언주로 347,서연이황타워 O동 384호,018-355-8407,yeonggil73@example.net
김영희,91190,대구광역시 은평구 언주66가 800-48,수진김김타워 546호,031-884-6521,seohyeongim@example.com
서숙자,04171,대구광역시 강동구 오금거리 27,성호장곽마을 096호,044-183-8234,iminseog@example.org
김은지,45669,인천광역시 서초구 강남대길 341-14 (정희이리),영진김빌라 A동 270호,053-021-7999,seonghun66@example.com
류보람,40507,제주특별자치도 철원군 삼성가 304-86,현주이빌라 370호,017-862-0511,yeongsugim@example.org
김준혁,67967,경상남도 김포시 오금707거리 99 (지후강최리),춘자김강마을 I동 993호,019-213-2087,vgim@example.com
배정수,39284,경상북도 논산시 백제고분09길 781-50,진우김손연립 라동 052호,016-621-5290,gimminjun@example.net
이지현,52241,인천광역시 남구 석촌호수로 583-39 (정수이마을),은서김타워 나동 790호,031-021-7704,jeongjai@example.net
서영순,41705,서울특별시 도봉구 도산대4거리 977,성수강연립 G동 564호,070-6510-8117,gimsunog@example.com
박현주,34160,전라남도 양구군 강남대4가 94-12 (미영이리),정남이타운 V동 242호,032-626-7626,jihugim@example.net
김영수,57562,대구광역시 금천구 반포대거리 633-66,수민김연립,052-581-8685,gimminjun@example.com
이주원,53480,울산광역시 영등포구 영동대가 780-55 (경수이박면),상호김권아파트 852호,063-273-4425,gimseongsu@example.org
이병철,63173,부산광역시 북구 서초중앙길 357-68 (상철김이읍),영길박타워,054-420-1988,bhwang@example.com
진동현,91360,대전광역시 강남구 학동길 344 (영식김리),미숙전이타운 120호,018-585-5405,coejihun@example.net
송정자,80515,충청북도 포천시 삼성로 638-67 (정희민강동),재호고아파트,044-761-0750,gimjungsu@example.com
이서현,39122,전라남도 용인시 처인구 도산대길 265-34,민석최송아파트 H동 477호,011-689-4595,hcoe@example.org
권예지,77129,제주특별자치도 고양시 덕양구 역삼거리 205 (현정박마을),미정박타워 32동 004호,031-059-8888,hanjieun@example.net
김채원,48919,서울특별시 성북구 서초중앙길 지하892 (성진장임면),현숙김김연립 L동 415호,052-386-9194,byeongceolo@example.org
윤은서,83500,충청북도 수원시 장안구 선릉62가 909-31 (수민문면),민지김마을 O동 959호,054-910-3981,gwangsu07@example.net
김은주,04006,서울특별시 서구 반포대64거리 868,미경김김마을,055-577-5666,sangho48@example.org
김영희,12801,울산광역시 도봉구 개포가 833 (성호박동),준서이타운 가동 814호,018-287-4099,minseog39@example.org
조재호,37556,경상북도 부천시 원미구 봉은사40가 지하655,예준송김연립 889호,017-917-5772,sanghun50@example.net
김미영,63491,경상남도 시흥시 오금48로 332-76 (도윤김동),영식김최마을 39동 666호,032-513-4078,gwangsu56@example.net
이영철,02322,경상남도 고양시 일산동구 도산대7거리 지하137,준호김빌라,070-9863-4398,ksim@example.com
정재현,52633,전라남도 구리시 역삼6길 989-30 (명자김강리),예진이최타운 612호,051-438-0494,mno@example.com
장영철,58363,서울특별시 용산구 오금길 325-13,도윤이이아파트 742호,062-920-2422,gimdohyeon@example.org
이하은,77656,서울특별시 동대문구 백제고분8길 845 (지영이박동),준영이박빌라,032-111-3676,bagyeeun@example.net
임재현,01068,울산광역시 관악구 석촌호수75거리 901-56 (예지이정동),은주김김마을 U동 218호,043-984-3660,juweon52@example.com
이현숙,44575,강원도 부천시 원미구 영동대길 지하547,영숙윤구마을 S동 059호,041-535-1365,coegyeongsu@example.net
김상호,27169,제주특별자치도 고양시 덕양구 가락거리 755,채원김마을 342호,051-501-0383,seunghyeon52@example.net
홍정숙,14764,부산광역시 성동구 역삼거리 385-58 (유진박홍면),영철김이타워 853호,043-829-3053,ajo@example.net
곽현우,99770,충청북도 화천군 영동대거리 228-45,성호김연립,02-1565-3758,cson@example.org
김예준,59482,경기도 동해시 삼성길 44,경수조이연립,064-752-9486,namjeongho@example.net
김지훈,73729,제주특별자치도 부천시 오정구 언주거리 552 (종수구리),지민송최연립,010-4377-2789,anseoyeon@example.net
최경희,19408,제주특별자치도 동해시 백제고분거리 183-15,민석김마을 F동 668호,017-951-3661,bagjuweon@example.org
조혜진,26362,충청북도 천안시 서북구 학동거리 576-57 (현숙박김리),영철김박마을 506호,054-021-5199,minseogji@example.com
이주원,31564,세종특별자치시 성북구 학동가 698-59,은서이아파트 I동 128호,051-348-5603,gimjongsu@example.net
노영호,90791,부산광역시 금천구 잠실83가 894 (서영최오리),수민이하마을 953호,063-796-1688,ohan@example.com
김경숙,81552,전라북도 부천시 소사구 서초중앙5가 178-52 (유진이윤동),채원송김빌라 L동 170호,033-214-0906,ubag@example.org
엄준호,84510,충청북도 원주시 테헤란0길 914,경숙박연립 가동 450호,063-294-5702,ybaeg@example.org
차정호,97216,전라북도 공주시 서초중앙가 320,정순김마을,02-3077-7530,seunghyeongim@example.org
박예원,25046,인천광역시 서구 영동대2로 169-53 (재호김면),예진이이마을 I동 677호,043-200-0989,sujin39@example.net
김미경,98323,경상북도 양양군 반포대3가 747-56 (정웅이고읍),동현조이연립 614호,010-0501-6618,gangyeongjin@example.net
최현정,99380,대구광역시 구로구 잠실로 949-50,정숙박이타워 Y동 554호,010-5684-3213,bgim@example.org
안예지,79164,경상북도 청주시 서원구 잠실가 지하249,정남이연립 943호,043-784-0604,coehyeonjun@example.com
김영일,03651,광주광역시 종로구 서초대2가 986,도윤김유마을 O동 254호,010-4291-8164,hgim@example.org
강서영,24115,대구광역시 북구 백제고분로 180,정순최강타운 796호,043-205-5074,geonubag@example.net
구진우,38051,경상남도 구리시 양재천거리 791-89 (지우이김면),도현권빌라 763호,018-875-4658,siu12@example.net
김예지,25033,인천광역시 양천구 삼성가 36 (서현한면),정웅김마을 S동 109호,032-765-0936,migyeonggim@example.com
김영환,32585,부산광역시 용산구 가락로 467 (은서오김읍),은서백마을 H동 477호,032-238-6829,sbag@example.com
한예지,84949,서울특별시 용산구 반포대길 737-23 (영순이동),현정박심아파트 W동 574호,043-651-7608,cgim@example.com
박재호,85322,제주특별자치도 안산시 상록구 백제고분거리 208-68,영철강김타워 W동 319호,018-199-1814,xhwang@example.net
최숙자,48284,경상북도 김포시 서초대길 139 (명자이마을),경숙윤마을 R동 849호,053-712-0121,hyeonjeongyun@example.org
황하은,02234,전라남도 광명시 봉은사640로 979-4,예진박타운 O동 472호,032-068-7151,kryu@example.com
권유진,57059,서울특별시 관악구 강남대길 117-64 (정희김박리),성호이김빌라,061-864-2075,zgim@example.org
백하윤,71774,부산광역시 성북구 개포로 200-57 (주원김김마을),하윤최이빌라,041-876-3119,sno@example.org
김지은,08207,대전광역시 구로구 역삼40거리 266-92,경수전아파트 T동 093호,064-754-3660,shong@example.net
한진호,13974,강원도 예산군 서초대4길 773,예은이타운,053-545-2445,ibag@example.net
김순옥,55091,세종특별자치시 동작구 양재천724가 497 (진우고김면),경수이최마을,043-847-5846,eunjugim@example.com
김서영,92744,인천광역시 광진구 서초대거리 835,상훈김연립 937호,019-877-0801,abag@example.com
이영순,06628,충청남도 천안시 서북구 역삼150길 292,영길이최연립,061-370-6886,ryuyujin@example.net
박민서,78050,인천광역시 마포구 석촌호수길 776-72 (광수서최동),영길이아파트,033-114-2330,jieunbaeg@example.org
윤경수,53434,전라북도 청주시 상당구 서초대2가 532-57,정자김마을,016-590-1138,jyang@example.com
백민지,07635,세종특별자치시 강서구 백제고분가 109 (동현박리),정순박이빌라,063-795-7137,yunjinho@example.net
이진호,80228,전라남도 오산시 오금거리 445-59 (재현박성마을),현정서아파트 649호,055-119-0164,jihyeon43@example.org
이은주,69916,충청북도 하남시 백제고분93로 지하140,정희김이타워 314호,011-788-9964,minseogbag@example.org
김영호,36558,대전광역시 북구 선릉274로 지하950 (예준윤동),상현황이아파트 Z동 888호,017-720-7452,sgim@example.org
김정남,73561,전라남도 이천시 역삼길 112-61 (도윤박마을),성진이박빌라 K동 811호,064-728-6895,sanghungim@example.org
김영숙,14194,대전광역시 강남구 잠실거리 400 (성호곽마을),우진허최빌라 840호,041-670-8231,gimdonghyeon@example.org
김미경,25542,제주특별자치도 서산시 선릉3가 516-30 (준서김최읍),성수황김타워 바동 813호,062-804-4141,ijeonghun@example.net
배아름,67962,전라북도 청주시 서원구 선릉가 566,유진김박타워 가동 726호,051-455-0522,junyeong15@example.com
성미영,78649,인천광역시 용산구 도산대로 872,지연황김마을 I동 010호,042-874-2555,minjii@example.net
김건우,88989,충청남도 이천시 백제고분10길 201 (지혜김면),정희안연립 J동 582호,02-6191-6374,jinhoyun@example.com
서동현,82006,강원도 홍성군 반포대로 655-11,지후장손아파트 930호,011-638-7852,sunoggim@example.net
한시우,46751,서울특별시 동작구 압구정18길 지하999,성현김타워,053-010-1619,qhwang@example.org
김주원,52798,전라남도 속초시 강남대길 389 (지영이김동),영식오연립 746호,016-156-2370,gimbyeongceol@example.net
이명숙,81660,충청북도 수원시 팔달구 압구정길 733-90,영순남연립 가동 530호,019-951-6370,gimyeongmi@example.com
강현준,54808,부산광역시 서대문구 역삼길 170-37 (경수김동),옥자이장마을 W동 139호,053-109-6967,qgim@example.com
허현우,91422,충청북도 부천시 소사구 오금29거리 137-37 (영순최양읍),준혁이빌라 바동 899호,063-976-9678,ri@example.net
강경숙,81738,제주특별자치도 계룡시 삼성가 474-4 (지연곽리),영식이빌라,043-474-9355,hayunjeong@example.net
이재현,84800,대전광역시 양천구 석촌호수40로 지하136 (은주김장동),은주유노타운 773호,063-628-4790,zo@example.net
김종수,83087,서울특별시 광진구 오금9로 682,영철김이아파트 571호,043-373-4200,jeonsumin@example.net
노준영,67554,대구광역시 서초구 테헤란가 146,영일김윤연립 U동 735호,061-440-0057,ujin53@example.com
김성수,04134,전라남도 수원시 영통구 석촌호수길 지하336 (현우이면),하은이마을 라동 328호,032-000-4383,igyeongsug@example.com
이은정,59432,울산광역시 서대문구 선릉가 271-35 (승민이정읍),상철홍윤빌라,031-640-0564,gimjeonghun@example.org
배중수,80387,인천광역시 도봉구 반포대거리 331,성호강이타워 523호,070-3018-4311,sunog94@example.org
김정순,38283,경상남도 용인시 기흥구 오금2가 316,영철이김타워 220호,053-261-0486,gyeongja92@example.net
엄정자,83518,경기도 안양시 만안구 봉은사26길 지하284 (영일송박동),영진류마을 766호,052-479-1470,jeongho68@example.org
이진우,18876,경상북도 이천시 강남대96가 지하590,현우정빌라 L동 655호,016-328-6659,iminjae@example.org
윤민석,58882,충청북도 용인시 기흥구 압구정156거리 238,은영구이타워,032-731-8147,kgim@example.org
황지아,14793,울산광역시 은평구 잠실길 470-63 (정자이마을),경수강이타운 Y동 921호,053-090-8561,gimhyeonu@example.com
김채원,11995,인천광역시 송파구 논현4로 930-10,승현박연립 다동 437호,032-860-3144,jinho17@example.net
한순옥,75251,경기도 양양군 석촌호수거리 418-83 (상현김홍마을),지민박마을 789호,019-442-8722,minseoyang@example.org
김지훈,73859,경상북도 광명시 역삼5길 409-58 (순옥김리),준서배연립 라동 750호,011-916-9812,nojunhyeog@example.org
박은서,21637,경상남도 평택시 개포726가 366,현지서송빌라,070-2087-1110,eunji46@example.net
곽상현,47017,경기도 계룡시 언주3가 55,상현이박빌라,044-816-7364,migyeong83@example.org
권경수,72714,경상북도 진천군 봉은사7길 180 (경숙박읍),중수이연립 818호,053-636-0167,ebag@example.org
김순옥,26267,부산광역시 성북구 오금46거리 552,준영김타운,064-737-6622,jihyeoni@example.org
박예지,36199,강원도 부천시 역삼가 604 (하은강읍),미영김타워 983호,064-737-3223,xbag@example.org
박경희,18558,경상북도 안성시 테헤란05길 646 (지영김동),예은김마을 561호,042-148-1857,tseo@example.org
장순자,47406,경상북도 양양군 삼성거리 824 (정식심김마을),종수이이아파트,017-397-1209,igyeongsug@example.org
이병철,22796,광주광역시 금천구 테헤란거리 430 (병철장동),승민장박타워 377호,042-883-4828,gyeongsu28@example.net
박영희,44603,광주광역시 서구 서초대311가 864,지우엄최마을 U동 115호,054-140-6266,jieun17@example.net
박정순,55483,대구광역시 관악구 개포6길 687,수진최빌라 246호,064-740-6117,jeongnami@example.com
이성민,15203,전라북도 양평군 논현거리 지하27 (경숙류동),주원서이빌라 P동 781호,033-923-5904,bagjeongung@example.com
김성민,60006,대전광역시 강서구 테헤란7로 684-53,지혜박김타워 481호,063-956-5794,di@example.com
김선영,46227,제주특별자치도 당진시 영동대로 347-95 (지현민김리),성수이빌라 Z동 384호,033-881-2578,jigyeongsu@example.com
박현정,89038,경상북도 청주시 서원구 논현1가 894 (주원한동),경자황박아파트,062-224-6877,seojun02@example.com
최지후,28084,광주광역시 노원구 삼성가 388 (영순심리),민준구배빌라 307호,055-091-4483,ansubin@example.com
박승현,59930,강원도 부여군 영동대1로 701 (영철이마을),채원김심마을,063-623-0341,gimeunyeong@example.com
오숙자,17182,충청북도 강릉시 잠실220로 614-88,경희김마을 211호,042-516-5397,minjaeyu@example.com
손수민,31135,충청남도 고양시 덕양구 개포로 976-32 (지훈김리),미정이마을 V동 157호,041-570-1473,boram11@example.net
이하윤,58736,인천광역시 강서구 논현34가 576-99,정수강송타운,055-874-0245,qmun@example.com
최춘자,48086,전라북도 청주시 서원구 강남대1가 440,서윤이서연립 J동 770호,051-363-9394,gyeongsugbag@example.net
서우진,20704,대전광역시 동구 잠실가 482 (미숙서이동),병철고안빌라 J동 687호,053-380-1106,heom@example.net
최옥순,83189,대전광역시 성동구 삼성63거리 905-52 (영진김장리),정순우김타워 316호,052-730-2772,gimseongho@example.com
손건우,13846,제주특별자치도 인제군 압구정로 40-49,은경김이타운,053-948-4959,minseo03@example.net
이경숙,53772,경상남도 홍성군 봉은사121로 9,미숙이마을 F동 312호,016-735-0458,gi@example.com
이유진,04570,경기도 천안시 서북구 논현752거리 249 (민석김심면),영철성이아파트 O동 236호,031-292-5686,seoyun30@example.net
백준혁,14909,대전광역시 강북구 봉은사거리 346,은정박타운 다동 197호,042-752-5110,gimseoyun@example.com
김숙자,83568,경상남도 안산시 언주거리 120,성민차연립 K동 924호,011-765-1687,jgim@example.net
고성민,66230,광주광역시 강북구 학동로 595-51 (은지김리),우진이타워 107동 804호,064-772-0783,bmin@example.org
김성훈,43530,전라남도 화성시 서초중앙918가 117,은지우타워 048호,052-663-9113,sunogi@example.org
최서윤,98539,제주특별자치도 시흥시 도산대811길 931-66,예은이김연립,052-885-6380,jaeho67@example.org
김상철,15517,세종특별자치시 양천구 양재천12가 899 (상현류면),명자서타워 867호,063-264-0167,kjeon@example.org
이성호,35030,서울특별시 구로구 학동가 620 (성훈김마을),명자이타워,043-977-9540,ijongsu@example.org
김정자,49281,세종특별자치시 서구 오금65가 759-36,지현문마을 539호,043-852-7299,seonghuni@example.net
박영숙,50787,강원도 정선군 압구정89가 837,서영김아파트,070-5724-5359,seojun52@example.org
이민석,93443,울산광역시 강남구 잠실4가 740 (정자김리),주원최유빌라 783호,070-8112-9273,rgim@example.org
이승민,24283,충청북도 당진시 개포로 536 (상현김최동),승현이빌라,061-077-0682,hyejin98@example.com
서경자,77968,전라남도 구리시 논현로 837-4,미영이이타운,053-255-5724,seoyeon54@example.org
이도윤,09643,제주특별자치도 홍천군 삼성거리 644-79 (유진김읍),유진이이타워 G동 587호,032-630-7942,bagjihu@example.com
노은서,29719,대구광역시 서구 영동대71로 813 (숙자서리),건우박류마을,051-996-7633,xi@example.com
이영진,18475,부산광역시 서대문구 영동대4가 868-88,영미박타운,052-601-0299,gimgyeongsug@example.com
김준혁,63765,서울특별시 송파구 언주길 516,병철한타워 358호,044-733-6019,vi@example.org
김민재,84115,충청북도 음성군 도산대길 531 (정순김읍),영자김아파트 라동 177호,010-6423-8047,jna@example.org
이현우,31152,제주특별자치도 인제군 영동대가 968 (상호이김동),지영김허타운,044-436-8888,oyun@example.net
박윤서,49403,서울특별시 용산구 삼성3거리 641,영철김류마을 826호,063-047-5983,hayungwag@example.net
김상호,07579,인천광역시 동작구 압구정959가 659-97 (윤서권마을),지우윤이타워 949호,064-703-1504,jongsuim@example.com
안하은,01604,경상북도 평택시 석촌호수길 974-55,현준윤아파트 979동 145호,033-771-7043,sangho92@example.com
장경숙,83669,강원도 구리시 양재천39로 173-23,지원김마을 917호,010-0270-8155,sanghyeon88@example.net
이미영,15304,대전광역시 도봉구 역삼0길 553,서영김임연립,02-9922-1264,yeongho42@example.net
김정호,15796,전라남도 음성군 삼성로 263-18 (은서박동),동현최안아파트 A동 511호,043-870-5916,jbag@example.net
한지영,53591,울산광역시 서초구 압구정길 111-51 (재호박동),현지김연립 381호,053-142-6436,areumi@example.com
김춘자,44249,충청북도 청주시 청원구 서초대로 771 (성훈김박리),미정한아파트 C동 138호,070-5872-5913,bgim@example.org
고혜진,34107,경기도 남양주시 압구정95거리 807,명숙강빌라 G동 915호,031-748-3669,seojungang@example.com
홍서영,01524,전라남도 천안시 동남구 서초대0길 978 (정호문마을),유진장빌라,063-525-2664,bageunjeong@example.net
심승현,07548,충청남도 인제군 삼성82거리 57-34 (지원한읍),지우이아파트 V동 541호,016-065-3364,sunogcoe@example.com
박영환,10936,경기도 홍천군 백제고분로 673-43 (재호최리),종수강김빌라,062-827-2147,gbag@example.net
김종수,99678,제주특별자치도 제천시 테헤란6길 751-86,영환박류빌라,043-487-5629,junho21@example.com
김윤서,18961,충청남도 서산시 백제고분로 821-96,영미김이타운 737호,033-399-3866,baeyeonggil@example.net
김지현,07275,충청남도 옥천군 잠실27가 323,동현이이아파트 Z동 609호,064-747-7545,hayun74@example.com
김재호,32797,경기도 수원시 권선구 석촌호수거리 163-12,지아김박타워 629호,054-504-2552,gimminjun@example.net
김현우,48918,전라북도 고양시 덕양구 가락길 205,주원나마을,017-717-6138,junhyeoggim@example.net
심선영,64355,강원도 제천시 오금5길 385,정숙김류마을 710호,02-5773-7718,migyeonggim@example.org
이정호,32390,인천광역시 중랑구 논현로 853-65 (현숙이황동),정순김김연립 241호,055-569-0254,doyun56@example.com
허경수,72065,부산광역시 은평구 양재천83가 679 (예진황박읍),현주조아파트 095호,031-578-9325,jeongunggim@example.net
조재호,79318,경기도 안산시 단원구 영동대4로 717 (정수박읍),영숙박빌라 520호,017-624-9505,dmun@example.org
이정남,29731,제주특별자치도 용인시 수지구 언주2가 901-17,준혁김마을 903호,042-501-6078,wheo@example.com
김예지,25243,부산광역시 송파구 양재천로 189,예은김아파트 L동 528호,018-049-1866,iseoyun@example.org
박성민,86081,경기도 고성군 반포대가 121-72,준호이타운,053-438-3536,baeogja@example.net
최성수,98265,경기도 춘천시 테헤란08로 215-19,상철김연립 E동 285호,051-582-9153,jaeho65@example.net
김영희,15284,경상남도 안산시 단원구 봉은사길 267-45 (은영윤이동),민지박김빌라 814호,033-770-5951,geonu25@example.net
김준혁,99565,대구광역시 중구 가락가 54,정희이타운 190호,063-517-8643,jiubag@example.org
이수진,90281,경상북도 고성군 테헤란가 988,서연최김아파트 C동 068호,052-912-2141,ahong@example.com
이정훈,45195,충청남도 성남시 삼성88길 지하573,현숙정타운,044-910-2806,jeongsig50@example.com
나영미,84584,광주광역시 송파구 가락가 4 (경희김면),옥자서마을 925호,010-7117-2852,jihun84@example.org
김은서,00416,울산광역시 동대문구 가락길 4-64,상현조아파트 A동 355호,011-878-0349,seonghungim@example.com
강은정,16493,광주광역시 동대문구 선릉로 647-36,중수이이아파트 422호,054-810-8071,gimseongmin@example.com
류성현,15026,제주특별자치도 금산군 압구정7거리 479,준서오타운 491호,052-217-6390,jihun63@example.org
한영진,62798,인천광역시 양천구 언주886로 974 (경수이마을),경희김장빌라 M동 543호,063-001-3941,doyun01@example.com
김영미,42227,세종특별자치시 성동구 봉은사6길 301,영환김박마을 A동 284호,033-850-8641,ni@example.com
박상철,68758,강원도 횡성군 압구정가 580-34,준혁이아파트,041-704-1110,munyunseo@example.net
김예진,43237,충청북도 화천군 영동대거리 283-29 (수빈김남동),옥자조이빌라 바동 498호,041-723-0786,eunjeong49@example.org
하현준,62287,부산광역시 동구 테헤란로 36 (경자이이리),민준최아파트 864호,053-819-5328,coehyeonjeong@example.org
이예지,38073,경상북도 고양시 일산동구 봉은사74로 683-26,수민차오빌라,053-761-3812,bagjiu@example.org
김지원,36486,서울특별시 동작구 개포거리 589-55 (미경황김읍),예원신황빌라 340호,070-0183-2417,nayeeun@example.com
이도윤,21043,충청북도 단양군 서초대597거리 89-10 (숙자송신면),현준조마을 935호,031-961-4675,juweon75@example.com
성하윤,79078,부산광역시 광진구 압구정83거리 723-72,정웅구이연립 080호,041-238-5028,areum65@example.org
김수진,03226,부산광역시 구로구 삼성가 899-32,지연이빌라,051-605-6726,seoyeon41@example.org
장현주,86213,경상남도 광명시 언주길 14 (준호양이동),정남전마을 261호,016-467-5169,mgim@example.com
김옥순,36943,충청남도 안양시 동안구 논현로 870-43 (준혁이마을),채원문박타운 996호,010-3484-2972,minseog31@example.org
조영식,11441,전라남도 부여군 선릉가 821-94 (예진박윤리),우진이문아파트 740호,042-283-6089,gangjeongung@example.net
김현주,16084,전라남도 양양군 역삼길 255-55,지훈장타운 889호,02-9781-7264,seongho40@example.net
김지영,34776,강원도 홍천군 강남대81거리 846 (아름김동),지은이빌라 993호,062-547-0926,coecunja@example.org
손성진,78866,충청북도 안산시 반포대거리 976-51 (민서심이면),성민이이아파트,043-732-0423,ohyeonji@example.net
이혜진,19095,전라남도 청주시 흥덕구 백제고분03길 875 (시우이리),유진류연립 나동 841호,011-857-7572,seungmin44@example.com
송하윤,29293,강원도 영월군 백제고분길 52,은정오연립 590호,011-542-9333,ogjagim@example.org
한영일,01168,세종특별자치시 광진구 삼성로 297-57,유진김연립 X동 526호,02-3800-8787,jiyeon02@example.net
강지우,99189,서울특별시 강북구 역삼로 663,예은김강빌라 586호,062-227-8693,jaeho68@example.com
류민재,29140,전라북도 괴산군 역삼가 156,상철장빌라 W동 445호,044-579-2112,xjo@example.org
이경자,43130,전라북도 동두천시 도산대27거리 337-81,하윤남타워 621호,016-690-7204,gimjeonghyi@example.net
김지민,88383,강원도 평창군 양재천로 지하387 (상훈김리),예진김마을 J동 184호,032-416-0860,bagogsun@example.com
우종수,31052,경상북도 의정부시 테헤란로 972-17 (준호이마을),예진심마을,042-172-4419,bagujin@example.net
오상현,99748,경기도 수원시 백제고분가 720-79,민준김권타운,055-126-6413,iyeji@example.net
고상현,58444,충청북도 군포시 영동대가 161,현정이노마을,017-050-0448,seohyeon93@example.org
박영식,36716,충청남도 용인시 개포11길 지하77 (건우권김동),영수이빌라,070-7368-8869,igang@example.com
류영길,64200,제주특별자치도 인제군 역삼10로 755-98,성수곽김마을 267호,016-158-9256,igyeongja@example.com
이하은,72266,경상북도 수원시 장안구 압구정592거리 333-98,시우안박마을 N동 185호,041-266-0083,vgim@example.com
박영순,80002,충청북도 광명시 논현4가 지하590,서현김마을 F동 116호,061-980-5790,oseongho@example.org
황성민,42993,제주특별자치도 부천시 테헤란로 127 (상현문김리),정식최김타워,010-5078-3202,iminseog@example.com
김명자,64547,전라남도 광주시 테헤란길 579,채원이이아파트,031-702-5589,eungyeong30@example.org
이정남,76207,대전광역시 서초구 백제고분거리 981,순옥김타운 O동 176호,02-2598-0233,sujinbag@example.com
조영호,52216,대구광역시 서대문구 영동대길 531 (은서김읍),성호이연립,016-723-1351,jbag@example.com
윤병철,05190,울산광역시 중랑구 봉은사629가 760,영철김빌라 685동 018호,055-212-2763,subini@example.net
김지원,49337,경상남도 영동군 가락거리 61-17,미숙박타워 Y동 953호,018-300-2577,ghwang@example.com
이성호,08338,세종특별자치시 동작구 양재천길 지하576 (순옥차면),재호이김연립 251호,054-409-6302,misugheo@example.net
고예은,65733,광주광역시 송파구 학동길 184,현지강김아파트,051-064-2030,jeongjabaeg@example.org
이예지,67106,전라남도 부여군 언주로 899,주원문빌라 081호,031-871-0501,gimjinu@example.org
황순옥,51862,광주광역시 동대문구 봉은사가 476 (민준이마을),종수김박타운 바동 582호,041-182-2448,pgim@example.com
김하윤,95206,경기도 제천시 서초중앙길 361 (경자박이동),재호최남마을 356호,017-975-1988,pjin@example.com
김경숙,79971,광주광역시 양천구 오금로 677,도윤박김마을 Q동 950호,043-074-7419,ri@example.org
곽영철,73980,경상북도 파주시 서초중앙가 125-46 (성현김읍),지민박아파트,070-8480-5897,seongjinha@example.com
김지민,36252,인천광역시 종로구 개포398길 530,지현송이타운 492호,017-243-0975,gweonminjae@example.com
김예진,37252,대구광역시 중랑구 삼성22가 391-46 (지우김김동),경숙김아파트,064-758-3944,seonghyeonhwang@example.com
이영수,31165,세종특별자치시 동구 오금0길 548 (옥순오면),지혜성강연립 560호,032-974-5466,seongjin62@example.net
이지원,35825,서울특별시 영등포구 서초대924길 861,정훈강연립,019-517-1248,jeongsugim@example.net
이예준,58539,충청남도 청주시 서원구 강남대길 610-2,정식전아파트,063-016-4335,dgim@example.com
장상철,50983,경기도 천안시 서북구 역삼074가 410 (영철이동),지훈성장빌라,017-163-1512,fhwang@example.net
윤명숙,80845,충청남도 고양시 서초중앙99길 432,정남송조아파트,064-715-5081,jusugja@example.net
오영미,35311,광주광역시 성동구 강남대길 597-55 (서영오서동),옥자홍진빌라,051-307-2762,seonghyeon18@example.org
신현준,62486,경상북도 태백시 석촌호수192가 162-64,민석안빌라,010-7225-8603,gangjiu@example.org
김재현,56780,경기도 부천시 오금2로 750 (영수지김면),은지김이아파트 B동 154호,063-209-8377,jangsubin@example.net
오영수,99297,서울특별시 성북구 서초중앙9가 지하874 (정남박박동),순자오서연립 427호,032-743-1756,sju@example.org
성영길,91779,대구광역시 강남구 백제고분01로 388-13,승현최김마을 E동 871호,054-270-7528,gimcunja@example.com
유광수,75761,세종특별자치시 서대문구 강남대98길 지하27 (서영최리),숙자김마을 K동 598호,051-783-2007,wbag@example.org
이정희,26015,경기도 수원시 권선구 오금거리 630,예지김타워 408호,016-586-5447,ci@example.org
박정순,28842,경기도 군포시 백제고분4로 839-3 (수진이이읍),현우이황연립,070-9916-1608,myeongjabag@example.com
허재현,61353,전라북도 화성시 영동대길 363,은경문연립,011-552-9673,hyeonji52@example.org
김지훈,87571,충청북도 성남시 분당구 영동대로 759-54,은서이타운,031-976-9479,dohyeon13@example.net
김성수,49053,서울특별시 광진구 압구정569가 970 (경희이동),예은고권마을,016-855-1947,bgweon@example.com
오재현,88543,서울특별시 동구 테헤란1길 896-22 (재호김동),민서진이타워 라동 590호,043-280-8077,li@example.com
이은서,39856,전라남도 예산군 도산대거리 704 (도현박김면),광수김타운,052-654-6189,yejungang@example.net
윤춘자,62078,대구광역시 북구 영동대로 583,지원김이타운 I동 489호,042-480-0238,gyeongsuggang@example.org
박영자,80334,부산광역시 중랑구 테헤란18길 794,영희김마을 025호,042-223-3612,uryu@example.org
김성호,25942,부산광역시 노원구 가락3거리 713-70 (준서서면),정식이타운 405호,070-0436-3653,ijeongsu@example.net
박영철,95335,대전광역시 서초구 개포길 973 (보람최황면),재호윤빌라,041-177-8697,dbag@example.com
김준서,84640,충청북도 제천시 가락73가 47,지영이이타운 942호,016-031-5604,hyeonsugi@example.com
김광수,84385,경상북도 고양시 일산동구 백제고분8길 286,수민최장타워,032-805-8520,seohyeon01@example.net
최현준,71890,인천광역시 광진구 언주가 635-59,중수박타워 Z동 061호,041-554-3176,jungsu67@example.com
강주원,01702,전라북도 남양주시 석촌호수684길 201,수진김타운 F동 940호,017-298-0828,doyuni@example.com
김도현,22549,경기도 오산시 봉은사088길 367 (아름하마을),준호김이타워,043-755-4148,wgim@example.com
김순옥,57657,광주광역시 강남구 서초대87거리 838-23 (은주김마을),승민김오빌라 662호,054-950-9250,gi@example.com
송영숙,00860,제주특별자치도 평창군 논현거리 86 (정수윤읍),도윤백마을 082동 076호,053-723-6290,siu38@example.net
손수민,72075,부산광역시 강동구 선릉로 225 (현주김동),미정황아파트 F동 730호,010-9344-5442,yeongjinsong@example.net
박성호,68352,부산광역시 도봉구 봉은사거리 187,윤서김아파트 N동 118호,043-938-5339,pbag@example.net
김지은,62642,광주광역시 강동구 학동거리 622-72,상현박마을,051-168-7230,jinugim@example.net
홍은정,92289,인천광역시 중랑구 학동227가 171 (현준심김리),정호박노아파트,042-339-9954,osim@example.com
김경숙,60739,경기도 삼척시 개포131가 지하811 (경희이읍),영수이박마을 X동 986호,018-644-1143,mijeongyu@example.net
박경희,43821,충청북도 고양시 일산서구 학동60길 840-52,영자김이연립,055-793-4508,gimseongmin@example.net
정지훈,39114,경기도 인제군 반포대7길 297-83 (서현이동),주원박빌라 S동 942호,063-847-4525,qgim@example.org
홍정남,88284,세종특별자치시 동대문구 가락길 837-65 (옥순김박읍),경희김이빌라 074호,053-515-2666,jeongnam17@example.org
양재현,45227,울산광역시 송파구 역삼가 지하16,하은이김타워,062-203-5410,geonu86@example.com
이정식,35970,강원도 원주시 양재천가 641-91 (서영주면),정식강지타워 R동 943호,018-667-1601,juweongim@example.com
최현준,59291,강원도 영동군 개포50거리 845 (성호박동),수빈한이연립,043-234-0094,hyeonsug81@example.net
한옥자,62882,부산광역시 광진구 반포대6로 948-29,상호임이마을,031-642-7778,bagsunja@example.org
장은영,75315,광주광역시 중랑구 역삼351길 276-40,영미오타운 153호,052-378-3208,yeonggil94@example.org
김수민,99013,제주특별자치도 부천시 원미구 도산대4거리 362-76,아름김빌라,063-242-7116,seojunca@example.net
황은정,21938,대전광역시 종로구 가락6로 100 (우진배동),영숙김연립,062-351-1546,seongjin47@example.org
안상철,17380,인천광역시 노원구 반포대5로 980-21,영수송마을 932호,054-670-3885,gimyeongsu@example.org
박보람,00915,대전광역시 영등포구 서초중앙가 135-27,정웅김타운 253호,02-2495-5965,nojeongsun@example.net
박서준,16113,서울특별시 북구 테헤란7거리 881-47,진우하정타워 746호,051-750-6651,jeongja94@example.net
최시우,22354,전라북도 안양시 만안구 압구정로 808-67 (유진이읍),도윤박타워 343호,061-510-4169,donghyeon11@example.com
이현숙,80059,인천광역시 동구 가락887길 743-38 (민준김읍),준영곽빌라 896호,055-547-5906,gimyeongmi@example.org
남혜진,25883,광주광역시 은평구 개포길 941 (영순윤리),정식최장타운 137호,011-303-0700,junhyeogjo@example.net
윤경자,78478,강원도 안산시 단원구 개포길 816 (은서안면),우진김양타워 S동 834호,070-6229-9017,hbag@example.net
권숙자,85699,전라남도 보은군 언주로 285 (은정박읍),지영장연립 E동 747호,02-4760-5732,yeongjin93@example.org
이하은,01188,부산광역시 서대문구 서초중앙7로 지하14 (지후이권리),지아최오연립,017-062-9304,di@example.com
최재호,93779,전라북도 수원시 장안구 언주가 지하179,수진박조타운,044-965-4882,hagyeongsug@example.org
장성훈,31583,강원도 수원시 잠실5거리 509,종수이최마을 903호,051-562-4652,gimyeongjin@example.org
주중수,57094,광주광역시 북구 가락가 202-99,지영이김아파트 821호,054-144-8778,jgim@example.org
김예준,17190,제주특별자치도 김포시 가락822가 597-25,은서박연립 345호,061-640-2830,joyeongsig@example.com
노준영,23589,경상남도 고양시 영동대4가 139-26 (지아진우동),정호윤박연립 782호,064-713-2080,gimgwangsu@example.org
구영철,75741,부산광역시 용산구 압구정9로 88,성현오김마을 다동 724호,062-292-0850,jihubag@example.com
김종수,72972,경기도 부여군 도산대거리 439,미정박연립 U동 711호,043-030-1109,jia01@example.org
송준서,77392,인천광역시 성동구 양재천길 728,영식김김연립 Z동 819호,053-510-3942,yeongmii@example.net
양하윤,56716,세종특별자치시 성동구 석촌호수55길 758-66 (도윤김면),민지황고빌라 733호,062-394-2950,iseoyun@example.com
박현지,69105,인천광역시 도봉구 잠실851길 875,도윤이타운 517호,053-154-1561,migyeong32@example.net
김도윤,66375,인천광역시 남구 역삼2길 865-74,예준장타워,042-571-6081,sumin94@example.com
박현준,72652,부산광역시 서대문구 가락6거리 833-42 (서윤이리),상현오아파트,018-394-9818,hyejin17@example.net
박은경,04865,경상남도 보령시 서초중앙거리 769,정순황연립,042-869-8204,subinson@example.net
박주원,08585,경기도 춘천시 오금7길 280-39,은서박김아파트 844호,053-806-7686,gimjihyeon@example.org
윤영환,25847,전라북도 강릉시 선릉43가 281,민지김아파트 996호,064-777-1792,gimjinho@example.com
김지민,38837,대전광역시 관악구 언주58거리 821 (유진홍동),은경권오타워 N동 389호,061-678-7744,cunja53@example.org
이춘자,61706,서울특별시 서대문구 석촌호수가 540-39,진우윤김연립,032-316-0416,hongjunyeong@example.net
이미영,82509,울산광역시 종로구 언주8길 615 (현지이오읍),윤서문타운 D동 506호,051-528-1390,minjun43@example.net
김중수,72531,대전광역시 남구 서초대42가 148,명자양연립 646호,052-205-1355,hyejin58@example.net
이주원,13806,제주특별자치도 원주시 도산대1길 548-76 (성진이읍),광수김빌라 C동 071호,052-379-8630,yeji28@example.com
송정웅,40508,전라남도 양주시 양재천가 753-36,옥자권박아파트 659호,053-263-4399,gyeongja16@example.com
이현준,91983,대구광역시 성북구 역삼55로 252-98 (미영고마을),종수이아파트,054-172-8560,yejun46@example.com
한성수,85631,대전광역시 영등포구 개포로 877-16,시우이송타워,062-665-2328,ogja91@example.com
김경희,88156,울산광역시 강남구 석촌호수로 지하675,지혜송박타워 656호,041-315-1952,munseungmin@example.net
류준호,09613,강원도 용인시 기흥구 압구정길 136-48 (미영이권동),은지류이아파트,055-895-5094,coeyeongsug@example.org
박예진,00429,세종특별자치시 강동구 학동로 12 (지아지홍동),우진장빌라,044-624-8144,yeongja57@example.net
김순옥,70309,대구광역시 용산구 역삼7길 602-97 (하은이김동),경희김연립 376호,02-7930-9006,sujin91@example.net
김영희,72309,전라북도 양구군 영동대7거리 302,준혁김류타워,02-2055-7067,seoyeonhan@example.com
조예원,11796,충청남도 천안시 서북구 논현95길 413 (도현김장동),성민김타워 T동 624호,053-878-7548,seunghyeonno@example.org
한준혁,14513,충청북도 의정부시 학동거리 767-44 (영희김읍),지민황안타워 G동 356호,02-8065-7250,gimseonghun@example.org
김종수,32240,광주광역시 송파구 개포1거리 636,광수이아파트 P동 962호,044-998-9203,myeongsug94@example.com
김지은,48685,세종특별자치시 중구 도산대거리 774,정순김전빌라,032-464-3693,siugweon@example.com
김정희,81240,대구광역시 송파구 잠실로 236 (영진오김동),정숙문아파트,055-817-3706,misugi@example.com
이지연,54338,경상북도 동해시 백제고분로 411-2 (시우김면),현우윤연립,044-216-6076,jihungim@example.org
김은서,21277,경상북도 고양시 덕양구 가락1가 672 (민지주읍),은영한박연립 336호,055-856-8659,xgweon@example.com
이서윤,14962,서울특별시 양천구 언주794로 642-86,은서이성빌라,032-834-9443,cunja79@example.net
김미정,57968,대구광역시 마포구 잠실거리 704,민석최마을,041-687-4768,bagjeongho@example.com
안선영,54032,제주특별자치도 용인시 수지구 삼성85로 487-4 (민수안홍마을),영희이최마을,053-035-9815,dohyeon70@example.org
허은서,70051,세종특별자치시 동작구 삼성로 지하97,도윤민빌라 137호,018-198-6695,iyeongceol@example.net
김미영,90331,서울특별시 강북구 양재천4거리 769 (상철김우읍),혜진남이연립,011-105-7419,igim@example.org
김시우,81917,인천광역시 강동구 잠실거리 457-12,정훈김타운 800호,02-0130-8452,gimsanghun@example.org
하상호,48900,강원도 당진시 압구정920길 586-40 (성현전마을),정호김나연립,031-632-4887,ijimin@example.net
하중수,80445,광주광역시 동작구 영동대길 지하809 (예은홍마을),옥순이타워 260호,054-936-8386,eunjii@example.net
고영호,70977,대전광역시 서구 양재천2가 636 (성수양이리),성호김장연립 E동 274호,018-407-3860,minjaecoe@example.org
김상현,28660,충청북도 구리시 테헤란거리 995-13 (은정김면),예원김아파트 C동 174호,054-919-6953,mingyeongsu@example.org
박상철,21624,대구광역시 서대문구 도산대11거리 273-96,진호황김아파트 다동 533호,016-261-6233,xgim@example.com
고중수,77568,세종특별자치시 관악구 반포대866가 803-64,정희류타워 다동 676호,064-764-3111,gimhyeonji@example.org
윤정숙,72398,충청북도 괴산군 역삼608가 814 (도현이김마을),현주손빌라 S동 493호,011-451-7203,gimjeonghyi@example.com
박현지,27485,충청남도 고양시 덕양구 논현09가 640 (도윤김강면),진호장김빌라,031-332-9792,baggyeonghyi@example.org
박성호,54666,인천광역시 성동구 언주0길 434-26,정수김이타운 B동 592호,051-807-6819,pgim@example.org
류영진,22331,세종특별자치시 은평구 역삼길 716-67 (예지황읍),정수김박타운,011-620-7717,jeonghyi06@example.org
권경희,85130,전라북도 고성군 오금길 675 (진우이박읍),순자장빌라,054-595-0432,ujin50@example.net
안지영,07675,광주광역시 도봉구 삼성길 2-27,성현곽타워,055-079-8252,jiyeon36@example.com
손민석,14081,충청남도 정선군 선릉213거리 572,수빈김박아파트 N동 538호,055-604-6396,yejunyun@example.org
이유진,47596,울산광역시 동작구 학동7가 301 (서영김동),하은양마을 414호,061-663-3349,yeonghwanseo@example.com
양정숙,67231,강원도 공주시 영동대60길 256-60,정순김김빌라 J동 554호,032-575-6857,fbag@example.org
홍지민,39396,경상북도 군포시 양재천82가 796-32,서현이김아파트,044-247-1508,ijimin@example.org
심명숙,24596,전라남도 논산시 논현2길 805-38 (보람강면),명숙성송타워,042-825-0250,yeweon40@example.org
류진호,57722,제주특별자치도 안양시 만안구 선릉859가 592,우진김연립 432호,010-8787-7284,jominji@example.net
이정호,28347,충청남도 춘천시 백제고분090가 432,민준김황아파트 192호,070-6747-3655,gimjeonghyi@example.org
김지훈,33086,세종특별자치시 구로구 논현거리 316 (수진전안면),영호유이타운 W동 059호,032-531-5623,iseungmin@example.org
한병철,24832,경상북도 남양주시 영동대370길 140,현숙이마을 J동 971호,017-244-6950,yyang@example.org
김영희,58318,전라남도 이천시 선릉거리 109-34,우진김차연립 625호,042-000-7546,gimyeongceol@example.com
김재호,38997,경기도 포천시 봉은사가 938,민준이마을,064-728-3144,byeongceol47@example.org
김명숙,92730,제주특별자치도 고양시 일산서구 개포427로 312,춘자양손아파트,042-562-6474,ri@example.org
문영일,74947,대전광역시 구로구 언주21로 477 (동현김윤면),수민고빌라 204동 285호,011-437-8643,janggeonu@example.org
강종수,62584,인천광역시 송파구 석촌호수길 295-6,은지문마을 F동 468호,064-728-9486,seonyeongcoe@example.com
박지후,50551,충청북도 연천군 가락길 531 (준영오읍),아름김이타운 314호,042-715-8471,sunog59@example.com
류아름,66040,대전광역시 양천구 봉은사길 121,정웅윤타운 R동 939호,052-922-1814,ogja42@example.net
문재호,47452,강원도 홍성군 오금길 299,주원황서연립 X동 629호,017-523-4586,eunyeongi@example.com
이준서,61975,경상남도 제천시 석촌호수거리 949 (서연이리),현우백최타워 542호,017-315-5154,seoyeongim@example.com
이옥순,86163,부산광역시 광진구 서초중앙거리 997 (경수이동),예진고박타워 가동 990호,016-587-1064,jiweoni@example.org
송영식,28751,경상북도 괴산군 개포32가 645,영호김이아파트 U동 893호,042-922-5798,zca@example.org
김혜진,30126,경상북도 논산시 개포로 308 (순옥장김면),정숙우연립 W동 820호,061-658-3549,jyang@example.org
최영호,79380,부산광역시 송파구 압구정96길 141 (영자양읍),영숙홍빌라 455호,064-789-0439,namareum@example.net
김미정,82181,강원도 광주시 석촌호수가 980 (승현김박동),지영오박아파트 X동 210호,011-855-6994,haeun58@example.net
고주원,07416,서울특별시 관악구 양재천68거리 270,예준이마을,051-535-9278,jeongho97@example.org
이지연,74982,서울특별시 강동구 반포대길 280,승민오연립 564호,044-504-9794,mijeong70@example.org
서영호,57125,인천광역시 마포구 압구정길 766-96,민서민성빌라 655호,070-3953-3346,ygim@example.net
송민준,85487,대전광역시 강서구 개포거리 504-75,상호박연립 962호,044-782-2629,zcoe@example.org
김우진,94880,대전광역시 강동구 삼성가 377 (시우김동),수진박최빌라 B동 222호,032-136-4367,jeongunggo@example.com
민정자,03949,대구광역시 강서구 언주3거리 172-79,지훈김이연립,051-644-1818,coesanghun@example.com
박경희,02060,대구광역시 마포구 강남대52길 500 (서윤윤윤마을),중수강타워 Q동 011호,053-739-9927,zcoe@example.com
박하은,26857,충청남도 오산시 서초대440길 410-71 (지원윤이마을),아름이박마을 가동 786호,042-087-7535,areumryu@example.net
이준호,12503,서울특별시 양천구 반포대663로 996,윤서류연립,044-740-5793,xgim@example.org
박예준,58855,서울특별시 구로구 양재천53거리 903 (은정김마을),수진김조타운 M동 788호,031-049-7259,jihuncoe@example.net
박혜진,63766,광주광역시 동대문구 봉은사로 629 (영숙차마을),서연오고빌라,018-533-3730,isangho@example.com
김성현,58224,충청남도 부천시 원미구 오금로 75,은주김송연립 366호,062-558-0885,coejunhyeog@example.org
김경희,79790,경상남도 과천시 봉은사로 769-81 (은경정동),선영박이빌라 617호,011-618-8981,seongjin49@example.net
김옥자,42595,부산광역시 성동구 도산대34길 993-81 (재현송동),명자김송연립,064-710-5792,hyeonjigim@example.org
노서연,88700,인천광역시 서대문구 도산대가 지하55 (서연정지읍),민수전아파트 880호,044-171-3431,ogsun38@example.com
고서영,11011,제주특별자치도 광주시 서초대86로 326,영호최이아파트 C동 627호,041-106-8694,gimhayun@example.com
성영자,95839,전라북도 동해시 학동로 606-87,은서김타운 T동 977호,070-8579-7571,junhojeon@example.com
최영미,61063,울산광역시 송파구 잠실564로 319-86 (상현차면),영순이류마을 Y동 875호,018-204-3682,seoyeon26@example.com
최은주,38495,대구광역시 송파구 선릉길 556,시우이연립 H동 906호,070-6687-6929,jeongho92@example.com
최숙자,09548,부산광역시 관악구 서초대거리 95-8,성진박김타운,018-878-1421,gi@example.net
임경자,39996,경기도 홍성군 선릉6로 760-3 (순자주면),명숙노김빌라 288호,052-171-1068,khwang@example.net
최정희,70118,세종특별자치시 은평구 개포거리 856 (동현이김마을),영철권김빌라 V동 977호,017-307-8353,vbag@example.net
김수민,98179,부산광역시 중랑구 압구정89로 363-47,옥자이이마을,062-691-2851,abag@example.org
김준서,63838,전라남도 양양군 역삼거리 273 (예은김최마을),정수김최연립 385호,043-162-0122,heojuweon@example.net
김보람,98657,경상남도 천안시 동남구 도산대가 278 (영일김박면),성현한김아파트,02-7419-8757,aji@example.net
강병철,36873,경기도 계룡시 논현669가 142 (지훈김마을),정호김김타워 829호,053-240-5042,lo@example.org
이주원,90676,충청남도 청주시 상당구 논현8로 지하544 (춘자허한읍),민지이윤타워,044-360-9960,junseobag@example.org
류채원,66867,울산광역시 북구 삼성길 326-84,도현이마을 561호,062-897-4242,iyeongho@example.net
고지후,16888,제주특별자치도 아산시 영동대9길 지하193,정호권김연립 779호,053-280-1397,zsim@example.org
김정자,75048,광주광역시 강서구 양재천로 935 (은지장리),지혜김김아파트,063-276-8160,yeongilyun@example.net
오도윤,25397,부산광역시 광진구 잠실가 22 (영순김박동),현지박이타워 869호,061-516-2560,jeongsug17@example.net
김성진,14740,경상북도 성남시 수정구 강남대길 675,서윤이아파트 W동 201호,062-888-4214,wi@example.org
오영진,36001,경상북도 서산시 테헤란11거리 608 (민준문송면),숙자이타운 V동 186호,062-381-6812,seungmin55@example.org
김하윤,46592,제주특별자치도 안양시 만안구 봉은사1거리 245-39,미숙김윤타워,042-732-8796,gimhyeonjeong@example.net
한현숙,23950,대전광역시 강남구 오금거리 285-54,은지강오빌라 170호,032-816-9734,egim@example.org
서혜진,12113,광주광역시 서초구 삼성3길 907-7,경자이아파트 라동 036호,054-936-2445,jia82@example.com
김정훈,89323,제주특별자치도 용인시 처인구 영동대가 659,미정김이마을 733동 326호,017-584-9036,iseunghyeon@example.com
홍예은,69134,인천광역시 중랑구 언주6길 794 (성호이최리),혜진이김타워,053-886-8627,bgim@example.org
이미영,97624,광주광역시 구로구 봉은사091로 746-12,은서윤타운,017-368-0473,eomgwangsu@example.org
이은지,31910,강원도 부천시 원미구 삼성74길 816,정웅김김타워,016-874-4640,ieungyeong@example.com
황민준,35573,광주광역시 남구 영동대797길 지하141 (예원한박동),영수이조빌라 F동 705호,053-928-6961,wbag@example.com
황상훈,09060,세종특별자치시 양천구 언주1거리 165 (영호윤동),지민김이아파트 988호,031-145-9034,ui@example.com
권수진,03285,서울특별시 노원구 반포대12길 257 (성현이박마을),은지김양타운 R동 007호,019-458-0775,fi@example.org
허명자,17787,전라남도 단양군 강남대로 지하713 (경자이읍),순옥최타워 라동 067호,042-165-8428,gimsangho@example.com
김영식,68650,부산광역시 노원구 오금53가 지하20 (병철류고면),하윤권김연립 353호,019-419-2311,jiagim@example.com
김현주,21034,전라북도 단양군 도산대50가 124-56,하은오이연립 L동 159호,019-515-9569,bagjongsu@example.com
백정웅,98631,부산광역시 서대문구 백제고분길 318-82,영길김빌라 마동 806호,044-601-8151,ogsun09@example.org
김영숙,10518,제주특별자치도 청주시 청원구 논현로 37,정희민김연립 마동 232호,044-669-2591,gweonyeongsig@example.com
강현우,41402,경상남도 여주시 백제고분231가 348 (서윤김서읍),시우김황마을 775호,062-027-0755,gangjieun@example.com
양영수,53224,대구광역시 강북구 삼성거리 지하138,민석안노마을,018-225-3285,yeonghwani@example.org
김서윤,69293,경기도 부천시 오정구 가락길 428-73,예진이문타워 W동 552호,019-216-4748,iyeongmi@example.com
김시우,24653,인천광역시 남구 백제고분거리 지하103 (건우김류동),예원강김타운,051-995-6147,icoe@example.com
배영길,13092,경상남도 고양시 테헤란4로 318 (정희김김읍),수민서타운,016-502-4900,cunja69@example.com
김시우,69379,울산광역시 성북구 서초중앙80거리 461 (동현김동),지민김연립 바동 293호,041-578-1275,coejeonghyi@example.org
이예준,63595,전라남도 음성군 석촌호수077길 455 (재현오김동),서윤김빌라 F동 280호,016-636-6251,bagminji@example.com
박정숙,08969,강원도 화성시 봉은사082길 394,재현이이타운 613호,032-598-4065,jihu28@example.net
유중수,36495,광주광역시 영등포구 삼성로 지하764,순자노이타워 313호,055-739-8438,anjeongung@example.org
오도현,62104,전라남도 음성군 개포거리 지하284 (건우김리),시우손아파트 164호,031-121-0278,gyeongsugbag@example.org
김미영,57608,부산광역시 강동구 삼성로 지하29,은경서이타운 바동 886호,053-508-3485,gimeunseo@example.org
홍도현,37072,대전광역시 종로구 양재천로 665 (순옥김리),주원고박타운 736호,064-786-5455,yeeun25@example.net
이지현,13056,서울특별시 송파구 도산대1가 976 (은지최고리),영환박박타워,019-972-8639,sanghogweon@example.org
이유진,15783,울산광역시 서대문구 백제고분거리 997-52,숙자조빌라,016-392-7213,qgim@example.org
안지혜,62532,서울특별시 종로구 선릉로 193 (주원김리),우진박노빌라 667호,031-344-9683,ryuminseog@example.org
김서윤,88922,충청남도 양구군 서초대3길 584,옥자최오빌라,054-550-2979,vgim@example.org
이미경,00178,경기도 수원시 장안구 봉은사거리 지하603 (은주김동),예진황박아파트,043-274-9477,byeongceolo@example.com
이건우,90483,대구광역시 마포구 봉은사7가 지하931 (영진차면),현정강김연립 V동 571호,031-287-6328,jihunsim@example.net
이경수,87828,경상남도 안양시 만안구 삼성가 861,영호김타워 D동 839호,043-841-4811,seungmin13@example.net
김민재,54225,인천광역시 송파구 서초중앙길 260,중수허타운,019-723-4363,hyeonjeong08@example.net
박은지,05256,광주광역시 강남구 테헤란길 798-10,성수강빌라,010-3071-6659,gangyeongsu@example.org
박보람,35551,전라남도 양평군 삼성545로 92 (은주이마을),영순강타운,032-167-2796,obag@example.net
김경숙,64070,부산광역시 강서구 언주가 463,은서심마을 라동 501호,054-333-7023,haeungim@example.com
이준호,60275,경기도 보은군 선릉로 597 (민준이신마을),정숙이아파트 231호,018-952-9892,caeweongim@example.com
김서윤,05184,대구광역시 남구 반포대거리 531 (영자이권리),민수김김타워,010-0275-8197,yeongho62@example.org
황은경,13069,부산광역시 마포구 반포대30거리 954,은영우엄타워 820호,070-5140-2216,gyeongsug62@example.com
이서연,03839,인천광역시 양천구 도산대9길 277 (서윤장동),민수권이빌라 M동 650호,010-0394-4919,wgim@example.com
김예준,76589,세종특별자치시 동대문구 서초대733길 329 (정웅최마을),진우최김아파트,02-0145-2483,yeongho22@example.com
한수빈,34363,충청남도 평택시 학동로 261-22 (은지진이마을),정훈최홍마을 178호,031-581-5532,jiuo@example.org
이영미,65088,전라북도 부천시 오정구 석촌호수90로 431,현지양빌라,011-901-7575,yejini@example.net
김서영,90581,울산광역시 강서구 잠실길 162 (진우서읍),순자박엄마을,033-405-4900,junyeonggim@example.com
권성훈,92330,인천광역시 서구 잠실길 344,민지이연립 073호,016-585-9221,gimjia@example.com
손춘자,27923,울산광역시 강동구 양재천24길 53 (성훈강황동),준영배마을 278호,062-796-3077,seunghyeonyun@example.net
김상철,67102,울산광역시 성북구 양재천650로 835,지혜안김연립 R동 388호,062-879-5462,sunog07@example.net
안성훈,42678,전라남도 성남시 분당구 봉은사388길 379-79,미숙최하타워 829호,055-481-5048,minseogcoe@example.com
김중수,46278,전라남도 가평군 오금14로 263 (지훈이리),정웅성신연립,042-363-2184,jihyeonyu@example.net
박성진,20771,인천광역시 은평구 영동대로 946,명자이김타운,042-195-9073,juweon62@example.com
장성수,15180,부산광역시 중구 강남대길 575-70 (상훈강박면),미정김노빌라 183호,02-7479-6387,ygim@example.net
남예준,53081,세종특별자치시 용산구 강남대2거리 847,서준강연립 363호,017-378-4386,gweonmisug@example.org
최상현,89366,대구광역시 은평구 언주660길 132-84 (서영최마을),예준심아파트 바동 025호,041-036-0885,myeongjagim@example.com
김은경,09365,울산광역시 노원구 서초중앙000길 162,윤서김연립,053-559-2632,xseo@example.net
한중수,32297,경기도 구리시 개포4거리 42 (정순이김면),민석김타운 V동 515호,062-309-0381,yeongjin77@example.com
김영숙,13058,경기도 의왕시 도산대길 지하165 (미경조김면),영식이아파트 407호,011-192-6792,hyeonjun60@example.net
김지민,12349,대전광역시 관악구 백제고분96가 지하777 (미정오면),정남이조연립 24동 552호,061-173-9771,zcoe@example.net
이현정,93766,울산광역시 노원구 선릉로 지하809 (지연이김동),서연박마을 Q동 373호,070-9111-4556,myeongsug69@example.net
김보람,63762,부산광역시 성동구 언주37거리 253,보람김타워 Z동 024호,02-7577-9822,jiu55@example.net
김예지,80200,인천광역시 도봉구 백제고분거리 296-87,예은이김아파트,042-615-3856,yunseo19@example.net
박춘자,10848,강원도 수원시 영동대로 131 (진호이동),수진송송연립 487호,010-1317-1050,hyeonugim@example.com
이민석,53538,강원도 평택시 양재천거리 955 (민재김면),채원김이빌라,063-491-0218,hyeonsugseo@example.com
배현숙,84344,광주광역시 양천구 석촌호수4길 지하41 (현지한면),성수박박연립 J동 962호,061-688-8961,jeongsun22@example.com
서서현,49372,광주광역시 강남구 도산대로 212-6 (주원박이면),도현이김아파트 W동 059호,02-3624-7693,gweongyeongsug@example.org
남은정,32068,세종특별자치시 마포구 백제고분02길 369-84 (우진고정동),정남김이마을 A동 756호,033-545-0481,yunminjae@example.com
김미정,48191,세종특별자치시 성북구 양재천가 337,상호송박연립,055-854-2965,zgim@example.net
류영길,36238,서울특별시 서초구 영동대87길 379-67,광수곽타운,061-050-6968,sujin62@example.com
박정자,04157,인천광역시 용산구 도산대가 지하440,민지박빌라 463호,011-322-6717,gimjeonghyi@example.org
김은주,17741,경상북도 논산시 선릉81가 408,도윤윤마을,018-515-2135,bagsubin@example.org
최정훈,81276,광주광역시 노원구 잠실로 859 (시우김한동),지은김윤연립,044-714-2229,jeonghyi07@example.org
윤정호,23910,대전광역시 금천구 역삼5거리 686 (서영김이마을),지훈강타운 O동 660호,055-775-3275,gimgyeongja@example.org
김동현,92993,대구광역시 광진구 잠실길 993-16 (정숙진면),예은김마을,062-292-3098,yuncaeweon@example.net
박미숙,46684,광주광역시 용산구 반포대89거리 470-95 (재호류노리),현주남이타워,016-869-1122,cyun@example.org
김지현,29403,제주특별자치도 김포시 석촌호수가 496 (현정박읍),준서최마을,054-042-5443,eunjihwang@example.com
윤준서,95141,대구광역시 성동구 강남대647로 28,윤서양아파트 981호,055-981-6849,jungsugim@example.com
이은주,67076,대전광역시 성동구 오금로 70,재호최마을,02-4336-4025,seoyeonjin@example.org
김현정,63920,경상북도 동해시 언주로 503 (주원김김면),서준이타워 419호,010-2954-3791,ijiu@example.net
오종수,89094,경상북도 부천시 석촌호수길 398 (정수고읍),서윤정연립 C동 275호,016-705-9483,eunyeongcoe@example.com
전영진,14513,세종특별자치시 남구 서초대934가 120,미경박이아파트 T동 886호,053-332-6492,gimseojun@example.org
곽영수,07452,세종특별자치시 종로구 봉은사9거리 116-20,유진이빌라 13동 284호,044-720-4330,gimyeongsig@example.org
김상철,27280,경상북도 아산시 테헤란길 823 (정호김리),상호안아파트 바동 976호,032-647-5568,migyeongson@example.org
유은지,73292,충청북도 안산시 상록구 강남대5로 397,민지김이타워 V동 152호,010-8504-6803,gimgyeongja@example.net
안예진,03040,울산광역시 강서구 압구정가 623 (성훈이동),미정이이아파트 B동 576호,044-142-8188,caeweon89@example.com
김영순,19753,울산광역시 용산구 잠실268거리 863,민석김조마을,010-7515-4363,minjungim@example.com
곽순자,24250,강원도 광명시 양재천40로 196-40,미영이유타워 X동 292호,041-062-1290,jiyeonhan@example.com
장미숙,29162,인천광역시 광진구 삼성93길 219-28,정수김백아파트 마동 503호,011-193-9456,miyeonggim@example.org
김준혁,71094,충청북도 성남시 수정구 도산대8거리 94,미경나빌라 K동 566호,042-829-3637,hyeonjuncoe@example.com
박순자,83651,강원도 삼척시 압구정3길 739 (하윤오김읍),성민우타운,031-840-0145,minjaebag@example.org
박병철,56424,경상남도 수원시 서초중앙21길 815,영식김김마을,041-802-6398,minseog47@example.net
김현정,42466,경상북도 용인시 처인구 가락로 966 (지민장읍),성민이서빌라 Q동 719호,061-849-7909,migyeongca@example.com
박재현,02763,대전광역시 양천구 오금가 219-85 (성호이김면),예은박연립 951호,017-743-4339,minjungim@example.org
황예원,83655,광주광역시 송파구 영동대로 419 (예은김면),영숙김타운,041-798-6369,seonghyeon35@example.com
백보람,89387,부산광역시 강동구 영동대가 413,재현장최마을 831호,051-217-0596,yejini@example.net
황성호,10693,강원도 부여군 언주0가 162,영호김타운 808호,031-690-6892,hcoe@example.com
신정호,04663,광주광역시 광진구 오금68가 124,영미권타운 S동 902호,062-246-3931,haeungim@example.net
송은주,80035,대구광역시 금천구 서초중앙로 431-83 (은지김동),민준이연립 L동 983호,017-650-4016,jeonghoi@example.net
김예진,30739,부산광역시 서초구 오금가 636-52,순자한연립 라동 181호,041-155-9697,jaehyeon47@example.net
김성훈,95051,광주광역시 양천구 언주로 19-6 (병철류리),정호이김연립 X동 587호,052-680-3475,sugja57@example.org
박지영,73272,대구광역시 용산구 영동대01로 979 (옥순김읍),은영김이아파트 X동 309호,052-642-3098,sugjai@example.com
이은정,30415,충청북도 천안시 서북구 개포76거리 429,옥자허이마을 B동 246호,061-068-3427,seoyun87@example.com
황성수,54841,경기도 보은군 학동002로 888-46,현주김타워,017-232-0585,lhan@example.net
김미경,59839,부산광역시 북구 언주가 430 (상현이면),준서김타운 970호,02-5168-3859,seoseoyeong@example.net
김지훈,04446,경상남도 고양시 덕양구 반포대가 750-95,성호주김빌라 773호,052-878-5626,jgang@example.org
장정희,44741,충청북도 고양시 잠실40거리 350-89,정남김이타워 322호,010-4072-5080,seohyeonsug@example.com
송영숙,40896,울산광역시 금천구 선릉길 지하832,중수이박타워,016-963-9226,hseo@example.net
이광수,09075,세종특별자치시 금천구 도산대892로 903,아름배타운 300호,041-234-2353,jeongja22@example.org
이현준,04252,경기도 가평군 압구정로 215-13 (보람김김리),성호박박타워 T동 324호,055-605-1119,ugo@example.com
김옥자,28962,충청남도 안성시 언주46길 331,지연이빌라 바동 556호,019-255-0752,ecoe@example.com
김상현,79864,부산광역시 성북구 학동가 92 (서윤강면),은경김조빌라 991동 027호,043-760-4620,seohyeonyun@example.net
권영길,38697,전라북도 과천시 반포대길 지하587 (종수류마을),지우이조아파트 838호,041-991-3827,gseo@example.org
김영숙,03617,경상남도 동해시 백제고분로 774,영희이연립 960동 318호,042-164-1566,gimminseo@example.com
오은영,19398,강원도 용인시 기흥구 서초중앙014가 지하218 (명숙유면),준혁최윤연립 981호,02-8990-5471,igim@example.net
김준호,92089,전라북도 양평군 언주314거리 249 (정웅이마을),성진박김타워,010-3496-9885,jeongunggim@example.net
한수빈,90413,부산광역시 강북구 역삼로 301,숙자이전마을 020호,051-326-7945,mgim@example.org
문서영,41468,강원도 강릉시 압구정거리 지하214 (영숙오마을),성민김아파트 490호,041-623-0650,junhyeog76@example.org
강지연,39768,충청북도 부천시 소사구 도산대043로 800,성진최연립 라동 106호,070-5375-5709,lbag@example.com
윤진우,85667,울산광역시 서대문구 영동대길 80 (영미박읍),예은이마을,011-430-8260,ai@example.net
한준호,87043,대구광역시 마포구 봉은사955길 162,민석박아파트 D동 055호,018-489-7870,jiu96@example.com
신옥순,00972,전라북도 화천군 영동대길 468 (영수김오마을),혜진오연립 948호,042-507-3396,wgim@example.org
이유진,13332,인천광역시 남구 삼성968거리 390,은서이빌라,031-770-0981,jiugim@example.net
곽아름,99945,전라남도 부여군 강남대95가 213 (지원이면),현숙최타워 149호,033-892-3800,jia36@example.com
김성호,42606,대구광역시 북구 삼성014가 86-20,현숙강김마을 Y동 925호,011-342-3768,gbag@example.com
김영일,61975,인천광역시 강동구 양재천4길 233-84,정식김고타운,053-452-1841,yo@example.net
김준혁,67952,대구광역시 금천구 압구정6길 566 (지혜김읍),아름박이빌라 57동 368호,033-693-1118,jiweon04@example.org
박은정,23241,강원도 홍천군 석촌호수43로 80-27,지후박타운,02-0710-5218,bagmyeongja@example.net
서은서,86175,충청북도 옥천군 잠실093로 960 (지혜김면),성수한양타워,051-823-0049,yeongsuyun@example.net
유정자,54298,울산광역시 북구 언주796거리 801-27 (승현진리),성수박김타워 M동 775호,02-0544-5911,myeongja37@example.com
박춘자,13761,전라남도 과천시 가락길 993-77 (정호김한마을),동현홍성연립,031-093-5456,jeongjia@example.net
허준호,75817,울산광역시 영등포구 영동대778길 434-36 (준호이이면),영미김빌라 다동 197호,061-390-1547,gyeongsuggim@example.com
김상훈,69397,경상북도 오산시 삼성로 75-36 (정식양이동),수진고빌라 L동 310호,053-966-5518,cunja41@example.org
한경자,10637,인천광역시 마포구 강남대90거리 지하416,수빈김김마을 928호,053-181-4949,igim@example.com
최수빈,96083,제주특별자치도 삼척시 역삼3거리 35-99 (지혜박읍),지우김권마을,051-786-3685,ogja98@example.org
서영미,98260,충청북도 청주시 흥덕구 서초대944길 983 (현숙최김읍),영진김김연립 G동 722호,019-838-7991,bagmiyeong@example.org
최상현,98661,경기도 고양시 일산동구 영동대길 지하99,예진이김연립 604호,062-753-3558,zbag@example.net
김예준,62301,세종특별자치시 송파구 도산대6거리 197-27 (성호류김동),서윤이연립 가동 612호,070-4590-9275,coehyejin@example.net
조준혁,74224,경상북도 양평군 봉은사가 511,지아박빌라 Q동 595호,043-740-9263,minjae75@example.org
김예지,15072,제주특별자치도 김포시 백제고분1로 217 (명숙양권리),광수김류마을 334호,053-081-8943,sonminjun@example.com
김영희,48600,전라북도 구리시 압구정길 480,정자심마을,018-142-6177,bhong@example.org
박영미,44885,서울특별시 서구 선릉228로 지하658,진호최김아파트 227호,055-676-9809,mgim@example.net
백하은,25310,대전광역시 강서구 언주거리 984-69 (중수이면),정수박한타운,064-735-4424,jeongsugbaeg@example.org
차지우,88063,서울특별시 동대문구 오금8로 868-52,민석강타워 896동 103호,053-265-7293,ci@example.com
이보람,51057,경상남도 이천시 테헤란4로 931-50,예원이박아파트,042-946-4805,fcoe@example.org
최영식,90143,세종특별자치시 마포구 봉은사365로 지하365,준호고한마을 452호,042-435-4055,jiyeonbae@example.net
이정자,80979,강원도 시흥시 서초대로 136,병철송하빌라,032-283-8022,yeonghoi@example.com
박현우,40288,대구광역시 은평구 오금593가 360-40 (예은신김리),지훈이마을,044-160-8734,yeongil42@example.org
노하은,98244,세종특별자치시 성북구 테헤란거리 542-1 (미정최동),영숙최한연립,070-6501-1305,yeongceol89@example.net
김지후,71493,울산광역시 서구 역삼11로 676-38,예원황송연립 598호,011-288-5242,jeongsiggim@example.net
백진호,30604,울산광역시 영등포구 압구정9가 337 (영일송읍),현준김타워,062-595-9273,jeongsug90@example.org
이시우,25871,충청북도 청주시 상당구 선릉길 662,아름오타워 038호,041-588-1420,jiyeongo@example.org
박현우,39859,대구광역시 영등포구 언주252로 136 (민수김리),혜진이마을,010-9879-5063,xhong@example.org
강서연,79270,서울특별시 중랑구 역삼가 563 (지민최이면),지민김타운 498호,043-061-8323,jihuni@example.com
이광수,17431,대전광역시 남구 도산대34길 986,은지김타운,053-032-1420,eunseosim@example.com
양중수,86925,서울특별시 금천구 논현0길 44 (보람주이면),성수장타워 가동 369호,051-562-8305,iseongsu@example.com
이성진,92000,제주특별자치도 파주시 잠실길 426,민석권아파트,010-4638-8414,seoseonghyeon@example.org
이지훈,29126,부산광역시 양천구 석촌호수507길 460-7,예준강타운,063-016-5614,hi@example.net
차영자,85228,경기도 양구군 학동로 214,아름김아파트 O동 069호,063-517-8660,gimjiyeong@example.org
박수진,06174,광주광역시 강동구 양재천03가 858-96 (순자홍마을),영호윤권아파트,070-7933-9181,gimhyeonji@example.org
윤지아,81675,세종특별자치시 동작구 논현가 217 (성수권정면),정숙김김타운 F동 316호,043-361-2575,gimsanghun@example.org
송춘자,82341,전라남도 공주시 강남대가 333 (민재오리),서현박진타워 083호,063-480-9142,eunseo03@example.com
김지영,62027,인천광역시 양천구 개포가 848 (영식김동),민재서아파트 798호,032-129-3152,gimsanghun@example.net
고정자,62054,충청남도 이천시 영동대72가 285,순옥송연립,044-587-3809,jihye26@example.net
김채원,25403,강원도 평창군 반포대가 603,현우강마을,032-245-6059,seoyeong22@example.com
배지훈,24622,충청남도 고양시 잠실78길 526-36 (은서조동),예은성배연립 881호,02-6305-6476,iseonyeong@example.net
오민석,74010,광주광역시 서대문구 서초중앙261가 482,보람김타운 046호,033-610-0771,wryu@example.net
성예은,27292,인천광역시 동구 양재천5길 61-56,진호서타워 Q동 948호,02-0759-7595,ogim@example.net
한서연,94662,세종특별자치시 은평구 서초대길 953 (준영조박읍),옥자김심빌라 바동 391호,055-735-8966,ahong@example.com
이성수,41682,대구광역시 성북구 논현0길 339-23 (정숙서서리),수민노타워 A동 602호,053-590-7736,jeongjabag@example.net
김영숙,99698,광주광역시 성동구 도산대거리 643-83,승민남이연립 832호,051-601-0662,zmun@example.com
성보람,33279,전라남도 파주시 서초대3가 235,서영김빌라,051-213-4720,seonyeong81@example.net
구민재,57226,강원도 삼척시 압구정54로 960 (수빈이장면),민지조아파트,017-218-8069,lgim@example.net
이지혜,65403,인천광역시 영등포구 언주8거리 389,혜진김이타운,011-252-4083,gimgeonu@example.com
손도현,27066,경기도 서천군 서초중앙227거리 826,준호강이아파트,010-4807-3529,seojun30@example.net
황현숙,65958,광주광역시 구로구 삼성길 98-27 (미숙이읍),지민서김아파트 A동 014호,017-522-6999,gimmisug@example.com
윤상현,92646,경기도 화천군 가락길 767,상철성타운 235호,033-079-7015,igim@example.net
권정호,04554,울산광역시 중구 언주가 870 (수진김동),도현김아파트 462호,043-325-9162,eunyeonggo@example.net
송명숙,26310,제주특별자치도 원주시 가락06거리 882 (영일송마을),경숙최박타운 318동 438호,053-111-4262,mbaeg@example.org
서경수,76810,대전광역시 종로구 개포46가 674-24 (주원박오읍),정자박연립 라동 905호,032-343-3896,subinbae@example.org
이정훈,16806,경상남도 속초시 석촌호수591거리 161-41 (성현박김면),상현박박마을 X동 922호,070-8720-7859,eunyeong78@example.com
남영식,89807,전라북도 용인시 수지구 강남대76로 지하771 (수민김김면),현숙이하마을 682호,032-465-4430,iyeonghyi@example.net
김영호,53698,강원도 영월군 도산대거리 801-91 (미숙장동),영식김마을,043-301-1621,misugjeong@example.org
조진호,72303,경기도 이천시 가락6거리 925 (정수이동),서윤박김아파트 X동 437호,031-480-6982,seohyejin@example.net
황민준,34971,대구광역시 구로구 잠실로 792,진호김연립 W동 633호,061-215-8868,bagseungmin@example.com
김옥순,24791,서울특별시 구로구 강남대길 348-75,민준이빌라 가동 955호,061-980-1079,yungwangsu@example.com
백영자,70959,광주광역시 강북구 학동610길 129 (유진이읍),건우최최타워 C동 290호,010-3073-6826,gimyeeun@example.org
심진우,84260,전라남도 양평군 삼성가 813,은서김마을,061-794-3978,yeeun47@example.com
류정훈,06096,세종특별자치시 은평구 서초대길 415-47 (은경이동),은서이오마을,052-704-7175,sugja61@example.com
황성수,27934,전라남도 양평군 압구정19길 815,성민김아파트,033-411-6564,ogsun71@example.net
조은정,83122,세종특별자치시 강서구 강남대4길 618-31 (종수성면),민지이타운 563호,051-540-0693,ogsungim@example.net
김은정,01103,광주광역시 서구 개포거리 680-87 (지우이이리),영환김마을 176호,010-8919-6167,lgim@example.com
김채원,07307,전라남도 청주시 흥덕구 선릉가 지하506,혜진장최아파트 452호,018-704-5427,gyeongsugweon@example.net
이병철,53491,대구광역시 남구 논현가 878-45,명자김마을 N동 712호,055-041-2877,jeongsunbag@example.net
김정수,29590,경상남도 옥천군 삼성147거리 292-26 (아름백리),우진이김빌라 431호,011-725-8774,jiweon32@example.net
배수민,20870,경상남도 홍성군 서초대가 516-72,지아이연립,055-306-4967,syun@example.org
박광수,44732,부산광역시 서초구 압구정길 261,순옥최안타운,044-390-9648,seongsueom@example.com
엄영진,15780,경기도 용인시 기흥구 가락421로 436-26,현주안빌라 588호,055-684-9427,wryu@example.org
이영환,19455,인천광역시 서구 언주27거리 306-24 (도현황읍),경수이타워,019-145-4403,bgim@example.org
손성수,16264,전라남도 고양시 덕양구 잠실957거리 462 (영미김이동),순자권연립,054-489-1829,syu@example.com
최예은,67038,세종특별자치시 강서구 서초중앙거리 909,예은김빌라,052-704-1788,wgweon@example.net
장건우,64652,전라남도 양구군 서초중앙4길 970-40,현정민타워,02-3136-3862,junseohong@example.net
전민준,39176,세종특별자치시 서초구 강남대길 238,미영최아파트 397호,064-787-6664,hmin@example.org
김명숙,11068,경상북도 공주시 삼성69가 87-61,종수이빌라,061-896-5580,jaehyeongim@example.org
이정식,20875,충청북도 제천시 선릉8가 368,재호이타운,053-824-7217,qjo@example.com
한정수,05553,충청북도 정선군 개포로 572,명자김김연립 Z동 964호,054-067-6421,jungsu33@example.net
김은영,85406,경기도 성남시 중원구 봉은사1길 지하717 (현주이읍),지혜류김타워 543호,02-5948-2086,seungminsim@example.net
김건우,90987,세종특별자치시 양천구 개포가 777 (시우고허마을),은영손빌라,032-370-3400,eunyeonggim@example.com
박춘자,68652,경상남도 용인시 반포대81로 지하75 (영호안동),영자송연립 089호,019-378-5674,yeongmigweon@example.org
이옥순,16704,경상남도 파주시 반포대1거리 900,승민양박마을 F동 570호,054-608-1715,iyeongmi@example.net
윤경수,86720,울산광역시 남구 영동대로 270-93,주원최타워 43동 614호,054-203-5972,seojihye@example.net
민상현,02489,부산광역시 중구 잠실로 지하301,채원이아파트 B동 727호,041-747-7596,gweonjiyeon@example.org
김서영,36177,경상북도 홍천군 반포대8길 100-17 (영길배류동),우진이김빌라 556호,016-315-7405,bagseongmin@example.org
김은영,46242,제주특별자치도 천안시 서북구 학동55로 561-99,지우김연립,053-776-8088,yeeun84@example.net
홍지우,49601,전라북도 포천시 압구정가 731,은경강정마을 U동 567호,032-460-3738,ynam@example.net
이예진,20797,대구광역시 도봉구 역삼가 3-19,옥순박연립 B동 472호,063-212-6097,pi@example.com
황성수,14016,경기도 의정부시 석촌호수142가 770,상철박마을 Q동 344호,016-212-8807,gyeongsugim@example.net
이순자,52747,울산광역시 강남구 강남대5가 지하61,정희황김빌라 V동 571호,063-385-0792,ajo@example.com
이수민,87066,서울특별시 송파구 언주28거리 지하201 (준혁김한동),영미김강타운 715호,031-505-0215,jaehyeonnam@example.net
엄지훈,73497,경상북도 수원시 삼성거리 628-43 (서현윤읍),하윤차김마을 마동 125호,042-879-0420,yeongceolgu@example.net
손도윤,78378,세종특별자치시 강북구 서초중앙649길 605-45 (지영최문리),준혁최타워,061-052-7208,coemisug@example.org
이선영,78515,부산광역시 서구 논현로 지하933 (옥자김마을),정수윤연립 016호,010-9906-5877,ggang@example.net
최정훈,16127,울산광역시 강북구 역삼650로 260,미숙김황아파트,064-734-6805,eunji95@example.org
강현주,86885,전라남도 군포시 영동대0거리 184 (영자이면),상호장이연립 U동 127호,051-661-6272,jungsubag@example.com
박정순,03762,대구광역시 동구 학동811로 894-91,성수김윤빌라 Z동 267호,032-471-7842,gimjinho@example.org
문옥순,52712,경상북도 성남시 수정구 강남대0로 143-90 (영숙김읍),정순최타운 279호,010-1518-4110,iseonghyeon@example.com
이은정,37140,대전광역시 광진구 학동가 165 (재호박마을),성훈심타워 H동 108호,043-101-8720,jihuhan@example.com
손정훈,44692,강원도 수원시 오금203길 579-53 (현주오리),준영박박타워 F동 578호,042-851-2682,jangjiweon@example.com
김현우,30838,부산광역시 강북구 오금거리 46 (성훈이면),채원박아파트 I동 098호,054-903-1330,hyeonu31@example.org
최미숙,53235,대구광역시 동작구 도산대거리 지하27 (우진황면),윤서강남타운 바동 983호,016-957-5649,bbag@example.com
노상철,29952,광주광역시 용산구 선릉가 315-89 (정순이김면),상철윤아파트,053-097-5346,gwagjieun@example.org
성병철,72764,부산광역시 동대문구 봉은사로 423-2 (도윤김김마을),정숙김박타운,055-874-8176,ajang@example.net
김현지,70688,서울특별시 성동구 석촌호수5거리 833 (미정안마을),지은김김빌라 Q동 132호,031-139-0118,ybag@example.org
박예은,53120,전라북도 여주시 잠실로 797 (미숙차홍동),도윤김마을,02-9980-0285,seonghogim@example.org
김미정,91192,부산광역시 북구 압구정9거리 893-7,정식김연립 R동 615호,062-663-4789,seoyun70@example.net
강정남,16683,울산광역시 북구 오금길 884,하윤서고타워,02-5007-2932,seongmin51@example.org
박영수,93555,대전광역시 북구 가락703거리 957,유진김마을 80동 330호,052-316-0690,bagjihye@example.org
손서윤,08949,경상북도 횡성군 석촌호수길 99-84,영길김타운 J동 699호,064-729-2971,hongjihu@example.net
박영자,71961,광주광역시 강동구 서초중앙거리 지하305 (예원박김읍),혜진이송마을,044-410-0374,gimyeonggil@example.org
강성현,91741,대구광역시 동작구 개포로 787,현지박타워,033-875-5254,yeeun39@example.com
권경숙,27417,세종특별자치시 영등포구 강남대거리 지하758 (상훈최김면),은서김연립,054-856-0410,iseunghyeon@example.net
박준혁,94778,전라남도 춘천시 서초중앙길 490,건우안김타운 286호,041-425-7869,hbag@example.org
윤정호,61510,충청북도 이천시 석촌호수길 556,민수김아파트 362호,018-175-1110,ijeonghyi@example.com
오예지,49897,경상남도 천안시 동남구 영동대02가 911 (진우우김읍),정숙최연립,041-499-8740,seunghyeonbag@example.com
송영일,42835,인천광역시 강북구 오금3거리 538,정순심최빌라 685호,063-150-3815,yeongsuni@example.com
홍예원,79367,경기도 홍천군 백제고분4가 233-48,정남김타운 600호,018-661-6101,tbag@example.net
김경수,93128,경상북도 옥천군 반포대거리 909 (민재이면),지현장하마을,010-7252-6801,misug54@example.com
김도현,88577,울산광역시 마포구 가락거리 278-14,정숙조아파트 892호,044-705-0573,dohyeon65@example.com
지예진,94013,서울특별시 성북구 논현길 77-32,영수조아파트 464동 997호,010-5781-1316,wgim@example.org
김도현,90663,세종특별자치시 도봉구 선릉로 432-27,서준이박타운 738호,031-943-1665,po@example.org
이주원,28010,광주광역시 남구 논현26가 774-12,경숙홍빌라 778호,052-101-3625,goyujin@example.com
노현숙,42434,서울특별시 동구 오금97로 지하591,현주최최아파트 F동 552호,043-136-7866,jongsubag@example.com
이아름,35638,울산광역시 종로구 역삼거리 195 (경희권동),성현김연립 G동 299호,053-531-1543,isong@example.org
박민재,09194,전라북도 양양군 양재천길 620,준혁이타운 866호,064-704-6942,minjuno@example.net
민지현,42414,충청남도 의정부시 반포대거리 151,민서김타운,018-476-7240,seomiyeong@example.org
조시우,15730,대구광역시 구로구 가락로 905-54,옥자류김마을,041-473-0047,lgim@example.com
김승민,80315,인천광역시 강북구 석촌호수040길 953-90 (성진김읍),채원장박타운 484호,061-708-5699,jangseoyun@example.com
김광수,95073,대전광역시 은평구 양재천480로 361,옥순지타워 다동 051호,018-725-9568,seonyeongbae@example.org
이하윤,58824,서울특별시 종로구 가락길 669-32,상철박타운 020호,053-775-7299,gimcaeweon@example.net
박정식,26717,제주특별자치도 파주시 가락4로 534 (중수한면),승현최배타워 R동 066호,052-866-2039,minjae38@example.com
이명자,43619,강원도 보은군 강남대가 164-88 (정웅안읍),정희이박연립 N동 131호,011-075-1605,dbag@example.com
강성민,83402,충청남도 오산시 백제고분로 618-3 (성민백김마을),현주최타운 O동 624호,032-293-9379,hyejini@example.com
손경숙,90858,전라남도 청양군 언주06거리 798-90,현준남타워 469호,062-499-5795,han@example.net
배승현,89218,울산광역시 구로구 테헤란로 808-28 (미정박동),도윤문남빌라 713호,053-804-9261,misug06@example.com
강광수,25079,전라남도 금산군 서초대831거리 870-25,영희김빌라 N동 212호,02-1991-9782,gimyujin@example.com
서영진,21542,광주광역시 남구 역삼거리 921-51,진우이아파트 547호,02-8590-4937,kgim@example.org
김진호,33780,부산광역시 강동구 가락363거리 지하608 (준영이읍),은경이빌라 626호,016-168-6416,seonyeonggim@example.com
김정남,23855,경상남도 용인시 수지구 선릉거리 497,은주노타워 558호,063-961-1060,jiyeonggim@example.com
권정희,40010,충청북도 태안군 양재천707가 845-96 (준혁김마을),정웅신타워 C동 743호,062-298-8185,sunjagim@example.com
곽시우,32045,충청북도 제천시 오금거리 802,우진김빌라,055-061-1040,ri@example.net
이성현,88948,강원도 안양시 논현5거리 지하412 (미정서리),영환배타운 L동 481호,031-095-3414,sineungyeong@example.net
김정남,56343,강원도 서산시 개포로 385 (준호김읍),예은고마을 206호,017-079-2208,myeongsugi@example.com
김예준,80959,전라북도 연천군 언주길 466 (순옥강리),예진양빌라 마동 741호,043-397-5587,gojeonghun@example.com
하지원,84641,충청북도 성남시 잠실거리 574-92 (유진김읍),하윤김마을,062-525-3053,ijiyeong@example.com
이숙자,03803,서울특별시 동대문구 압구정가 지하508 (순자최동),지혜이마을,041-529-4169,agim@example.com
김지혜,51755,경상북도 수원시 팔달구 반포대5로 382-13 (은서박면),수진박진연립,043-276-4120,iyeji@example.com
고현우,38814,제주특별자치도 부천시 오정구 백제고분가 40 (민재김읍),예원남이연립 G동 818호,02-0351-0338,munhyejin@example.org
이정웅,77599,전라남도 양양군 서초대9길 696,명숙박이마을,052-814-2770,mcoe@example.org
김정웅,95771,대전광역시 남구 서초중앙거리 200-95 (승현김김리),경숙김이타운 241호,063-724-6431,seunghyeon13@example.com
강순옥,45183,세종특별자치시 성동구 잠실길 809-82 (주원신이면),재호송빌라,064-776-6051,hyeonju42@example.net
김명자,65945,부산광역시 구로구 삼성2거리 424 (성호양박면),정자차빌라 782호,063-068-6688,gimseonyeong@example.net
송민재,02430,경기도 천안시 서북구 역삼5로 19-65 (혜진심김마을),영희박아파트 J동 013호,064-756-8490,qbag@example.org
양지아,33905,강원도 수원시 권선구 반포대거리 438 (하윤우최면),영호김이마을 276호,016-048-8423,bagjunho@example.org
우수민,73767,대전광역시 남구 봉은사로 214-57,수빈박타운 759호,017-588-4135,junyeong42@example.net
안현숙,83002,부산광역시 용산구 양재천거리 104,승현황타워 V동 559호,017-909-6100,yejihwang@example.com
강영순,25797,광주광역시 강북구 강남대664길 360 (영수이이읍),현지최김타운 655호,053-155-5857,ian@example.org
김영진,39506,충청남도 철원군 압구정7로 512-55 (정웅김이리),지연김연립,033-004-5222,songsangceol@example.org
김영철,90670,전라북도 양양군 언주010거리 지하393,지훈황연립,018-022-4276,eunseojang@example.com
윤현우,74799,대전광역시 강북구 테헤란로 269 (수민박허면),영진권타워,044-979-0076,junseogweon@example.org
한정남,30233,전라남도 아산시 가락로 991-30 (지은황리),민석강이타워 883호,017-051-3043,jinu17@example.net
강예진,53853,서울특별시 강동구 반포대길 553,하윤장타워,042-699-9478,baggyeongsug@example.com
박지현,55076,서울특별시 마포구 영동대6로 128-67,경숙문김연립 181동 273호,063-889-9279,qi@example.com
안하윤,29203,대구광역시 금천구 학동거리 972-47 (정웅김마을),하윤안타운 A동 215호,043-204-7304,yujingo@example.net
박승민,75114,충청남도 화성시 서초대거리 지하918,성호김이아파트 333호,044-946-2254,yejuno@example.net
양동현,15933,경상북도 안양시 동안구 언주1로 92-10,영순서아파트 457호,033-585-2966,bagyunseo@example.net
이민준,21795,대전광역시 은평구 학동거리 959-93 (민석김마을),하은김마을,061-744-3868,caeweon46@example.org
윤영수,33175,울산광역시 노원구 삼성길 190,동현김빌라,041-694-7540,yujinbag@example.com
박서현,20224,광주광역시 동구 언주5거리 523,성호김마을,062-310-1440,jihyeongim@example.org
박지영,80541,서울특별시 서대문구 서초중앙거리 592 (순자한김동),보람박이마을 W동 391호,031-970-7275,jeongsugim@example.com
정윤서,91934,충청북도 성남시 수정구 가락가 903-39 (재현하마을),보람장이마을,033-004-3341,bageungyeong@example.net
한지원,82989,충청북도 홍성군 잠실533가 지하834 (도현이읍),재호김타워,017-707-6197,minseobag@example.net
김정남,47625,세종특별자치시 금천구 삼성426길 783,상호박마을,052-686-2239,bagjeongsu@example.net
김미경,31537,전라남도 시흥시 영동대로 873 (상훈김리),영환김빌라,033-883-1857,seongsu35@example.com
김성민,73677,세종특별자치시 양천구 영동대108로 357 (현준홍마을),지영김황타운,051-125-0697,jinhogim@example.net
양종수,23034,광주광역시 관악구 선릉길 706,순자김김타워,064-778-9110,seungminseo@example.com
류현숙,55290,울산광역시 강동구 개포27로 628-11,현지오타워 T동 100호,053-810-5074,jinhoi@example.net
안영수,62836,대전광역시 구로구 영동대로 894-75 (민석오김면),현지김타워 235호,044-511-3890,ryuyeongsug@example.net
김윤서,61518,강원도 보은군 봉은사거리 821,지원김이아파트 932호,017-161-2512,jungsugim@example.org
김도현,90585,경상북도 아산시 가락288가 205 (정순심면),경수김오타워 891호,051-389-9721,qbag@example.org
김영자,86177,충청남도 안양시 서초중앙00가 지하46,종수서박마을 822호,070-4811-3917,areumgim@example.com
박경숙,47799,충청북도 양평군 압구정961가 662,성현강타워,011-075-1839,seoyeon48@example.com
김수진,85830,경기도 강릉시 도산대8로 82-10,경숙엄이타워,042-826-4285,sanghyeon94@example.org
이중수,78857,울산광역시 동작구 학동길 64 (영식주마을),윤서송김마을 106호,052-100-9168,ai@example.com
김성훈,92194,제주특별자치도 횡성군 서초대가 908,성현이타운 796호,010-3404-1759,seogyeongsu@example.net
이예지,50728,대전광역시 성북구 반포대가 598-2,혜진김심아파트 790호,031-928-4435,hyeonuseo@example.net
장성현,71735,부산광역시 강동구 양재천로 316 (예진최박리),미경김아파트 562호,064-726-7238,gimmigyeong@example.org
홍민수,24460,충청남도 홍성군 강남대가 905 (순옥임읍),영식허빌라,041-100-1137,minseog45@example.com
강옥순,42265,부산광역시 남구 봉은사140가 454 (성훈오면),명숙박타운 26동 896호,064-790-6352,yunseo92@example.com
김정호,98092,제주특별자치도 성남시 중원구 도산대가 366-2 (서준김신읍),혜진박양아파트 I동 185호,063-898-1082,hyeonji47@example.com
김선영,88738,충청남도 괴산군 석촌호수96거리 467,민지김김타워,061-237-3292,mgim@example.net
박진우,58067,충청북도 부천시 소사구 영동대80길 916-64,하윤한박마을,070-0471-8250,di@example.com
박숙자,05316,대전광역시 동구 압구정94로 487 (은주김김읍),상현류이빌라 I동 712호,051-842-5306,jungsu00@example.org
윤영환,13626,충청남도 군포시 가락96가 289,영숙박타운 가동 117호,055-136-4227,junhogang@example.net
강유진,00275,충청북도 청양군 삼성길 440-22,민서김손빌라,063-880-2327,gimhayun@example.org
차현지,87081,경상남도 보령시 개포길 874 (우진김엄읍),승현박장아파트 라동 498호,044-140-4924,mryu@example.net
김서준,44450,울산광역시 중랑구 언주062가 992,정수문타운 Q동 946호,041-053-5343,eunyeongbag@example.net
김정숙,81223,경기도 홍성군 삼성로 151,예준황연립,044-386-6234,seonghogim@example.com
김영숙,65072,전라남도 공주시 봉은사66길 903,영진김마을 063호,010-9150-6440,minsugim@example.net
이지혜,61967,경상남도 화천군 오금34로 584 (하은서문리),정호이김아파트 154동 079호,033-606-8562,yejin29@example.net
배은영,84248,서울특별시 양천구 가락85로 967 (은영윤윤면),옥순이백타워 212호,019-364-5045,migyeonggang@example.net
이아름,83389,경기도 의왕시 선릉519길 440,지우김타운 681호,062-612-1290,mijeonggim@example.com
박재호,73022,광주광역시 도봉구 학동가 538-27 (지연박이면),서현이김타워 173호,032-503-9729,misug99@example.org
이광수,24589,인천광역시 강서구 강남대83길 342-50 (경수이리),준혁권김연립 C동 881호,043-457-4463,gimyeongsug@example.net
권지은,04815,부산광역시 동대문구 역삼길 546 (아름박마을),경수민배타운,017-243-6397,mijeonghwang@example.org
김지현,92300,전라남도 괴산군 양재천거리 164,상현박아파트 A동 410호,032-925-2381,ycoe@example.org
김은주,95930,서울특별시 영등포구 압구정길 709,민서박한타운 C동 307호,051-301-2318,rbae@example.net
김정훈,60259,서울특별시 영등포구 테헤란거리 320 (예지성동),정훈손권마을 마동 521호,031-334-9675,bagjihyeon@example.org
정은경,56437,대구광역시 영등포구 잠실길 129 (승현배리),영일김장빌라,041-400-6109,sumin48@example.com
최경숙,91289,전라남도 진천군 반포대3로 87,종수이이타운,031-560-6365,jeonghyi67@example.net
박재현,56435,전라북도 동두천시 삼성거리 389,현준김김마을 407호,051-302-5736,geonubag@example.org
이예진,60725,충청남도 시흥시 삼성063가 713,영순이마을,051-896-6234,gimsumin@example.net
배명자,15578,충청남도 고성군 봉은사거리 293 (지원이리),정식장아파트 L동 641호,017-792-5203,siuyun@example.org
한춘자,45630,전라남도 청양군 영동대1길 480-16,민석최아파트 829호,062-466-3964,ycoe@example.org
안수진,04404,전라남도 가평군 언주가 929-29,영길이홍마을 623호,062-135-4297,gimsubin@example.org
서예준,17540,제주특별자치도 의정부시 백제고분가 842 (도윤최리),승민박이타운 바동 768호,064-733-4270,minseog54@example.com
나예원,66416,광주광역시 서초구 영동대가 361,상현김연립 마동 129호,018-735-2422,iyeongja@example.com
김진우,28124,전라북도 계룡시 반포대가 986-1 (은주김오리),건우이연립 마동 335호,031-636-9317,minjae20@example.net
이현준,89201,울산광역시 마포구 영동대거리 261-81 (보람황리),은정김타운,062-236-3997,zbag@example.com
박춘자,93955,대전광역시 서초구 언주로 882-11 (정웅이류마을),성훈장마을 119호,051-019-7306,gcoe@example.com
한지은,21312,강원도 군포시 압구정길 지하597,현정황진아파트 P동 820호,063-115-5440,jiuhan@example.org
최서준,25340,전라북도 인제군 서초중앙6길 624-86,정숙김아파트 046호,032-197-4789,njang@example.net
이지아,77498,세종특별자치시 서초구 오금거리 365-21 (지민오최마을),경숙김박타운 R동 886호,010-6412-9731,subin40@example.net
이경희,71247,서울특별시 용산구 논현가 443-65,민지김안연립 135동 849호,042-703-6538,gimyeongmi@example.org
김하은,51722,제주특별자치도 오산시 서초중앙거리 461 (현우김남읍),준혁이타운,061-293-5877,jungsu07@example.net
이시우,28495,전라북도 천안시 서북구 가락거리 188,영자류류아파트,043-495-3946,minji13@example.net
장순자,55016,충청북도 춘천시 백제고분가 544,성훈김아파트,063-884-1495,ygim@example.com
강영호,07747,대구광역시 성북구 선릉8로 672-69 (민수김동),영길강아파트 917동 963호,063-596-2934,bagmiyeong@example.net
이도현,71361,세종특별자치시 영등포구 반포대길 645,민준김빌라,017-034-2731,sujin52@example.org
문예준,54496,전라북도 삼척시 삼성57길 426 (민수노이면),영일강노마을,051-805-7018,jangminsu@example.net
이영호,66142,제주특별자치도 예산군 잠실거리 547-58,영철박연립,011-418-9049,jangjia@example.org
유수진,27412,대전광역시 서구 서초대749거리 591 (예준송동),숙자김마을 다동 101호,043-934-6357,geonugim@example.org
김서영,50627,광주광역시 중구 서초중앙0거리 509-62,하윤김아파트 287호,052-857-7008,seoyun04@example.net
김지아,69816,충청남도 파주시 영동대길 478,성현장윤마을,041-779-3010,seungmin61@example.org
서재호,47854,전라북도 천안시 동남구 학동88길 368,영길양류타워,070-9250-0098,gangjia@example.com
문명숙,14847,경상북도 수원시 팔달구 압구정가 420 (하은유동),수민이안마을 087호,032-661-8662,imujin@example.org
이옥순,70808,대전광역시 중구 봉은사길 712 (성수김김면),상훈박타워 080호,033-909-5754,baegjiyeon@example.org
이혜진,94540,인천광역시 동구 양재천로 542 (은경김리),승현박한마을 728호,041-149-7300,ri@example.org
권승현,18615,전라남도 계룡시 백제고분66가 지하694 (현지윤강면),성호우타운 218호,017-069-5290,eunjugim@example.org
김정호,24718,대구광역시 강동구 석촌호수6거리 539 (진호최백동),수민김김타운 V동 823호,031-628-1486,idonghyeon@example.net
김민준,62261,제주특별자치도 용인시 기흥구 오금거리 518-97 (정숙김마을),영식장김타운,062-610-6006,agang@example.com
안진우,01755,광주광역시 중랑구 학동거리 314-97,현우고마을 Y동 645호,062-704-5960,jongsujo@example.net
양은정,24895,광주광역시 성동구 논현9가 876-50 (민지류유마을),순자김타워 830호,017-652-4654,gyeongsugwag@example.net
이중수,19379,서울특별시 성북구 잠실로 569 (하은최송읍),은경윤전빌라 S동 693호,063-153-7549,vi@example.com
최동현,46355,전라북도 천안시 서북구 서초대거리 416-25,영수김타운,053-749-8753,ijo@example.net
박상호,89281,경상남도 제천시 서초중앙가 836-43 (재현박나면),미영이박타워,051-543-9100,egim@example.org
김지후,57224,인천광역시 양천구 서초중앙9길 489 (현우김면),정호심박마을 라동 287호,053-640-4308,doyungim@example.net
이보람,50877,충청북도 청양군 영동대길 994 (영환김윤리),순자이양연립 416호,070-0933-2043,bagseoyeong@example.org
박영철,51564,충청북도 안양시 만안구 봉은사874로 929 (현준정면),지민노이마을,02-8869-9055,seongmingim@example.com
김서현,30068,세종특별자치시 종로구 개포길 101-51,성호김마을,010-1280-1859,seohyeoni@example.org
박지원,04993,대전광역시 성북구 테헤란7가 837-84 (지후황면),현우김타워 S동 347호,033-002-7635,ijia@example.org
이선영,36197,충청남도 진천군 개포85거리 428,영숙박이아파트 V동 485호,051-296-5514,yeongsun53@example.com
김보람,47387,대구광역시 중랑구 강남대가 101-87 (지후김동),은경손김타운 027호,018-357-2887,jaehoi@example.com
남예원,28968,제주특별자치도 횡성군 백제고분거리 676 (종수이이리),정수김이연립,042-146-7482,egim@example.com
김준서,48098,울산광역시 북구 잠실98가 125,민준이빌라 952호,018-745-8373,sanghyeon42@example.net
이현준,01622,대전광역시 동작구 잠실거리 414 (영순서동),경수최최타워 가동 444호,016-587-5250,pheo@example.org
황준영,29542,인천광역시 동작구 서초중앙거리 지하877 (승민이김마을),수민김빌라 다동 991호,041-355-7712,hi@example.net
김성호,68951,인천광역시 광진구 언주2가 421 (현숙윤읍),혜진이마을 981동 034호,017-623-0152,lgim@example.net
이승현,15138,광주광역시 성북구 개포거리 640,정숙윤타운,055-944-3668,igim@example.org
최채원,68036,인천광역시 관악구 강남대42가 27 (지혜이마을),경자김마을 C동 815호,032-969-7453,gjang@example.org
류도현,69275,경상남도 양구군 서초대0가 336,동현김빌라,017-007-6026,ngim@example.org
박지영,72149,부산광역시 동대문구 오금로 937,현지박이연립 066호,063-548-9354,dbag@example.org
김성수,82263,강원도 오산시 석촌호수거리 474 (예진지김읍),경숙양타운 B동 509호,010-0118-5600,ucoe@example.net
김지아,34418,경기도 청주시 상당구 선릉거리 712-84,옥순안김아파트 497동 764호,043-562-1940,lbag@example.com
안현준,68629,경상남도 안산시 압구정6가 98 (영순김동),준영김아파트 190호,063-325-2110,gugyeonghyi@example.org
김현지,26171,충청남도 영월군 테헤란거리 981 (영철오리),지원박이마을 다동 971호,019-407-7369,yanggyeongsug@example.org
송숙자,07585,광주광역시 강동구 서초중앙988길 546-14 (순옥박박읍),아름김마을,051-276-7111,yeji17@example.org
김민준,74950,대구광역시 마포구 반포대46거리 630 (순옥최박동),승민권타운 819호,070-7577-9574,yeji71@example.com
김도윤,65762,서울특별시 동구 학동05로 357-76 (은서안조마을),정수김류연립,044-255-4464,jeongsugi@example.org
이재호,23086,제주특별자치도 고양시 선릉길 402-75,지은강타운,053-240-9436,munhyejin@example.org
이미숙,18644,충청남도 성남시 봉은사거리 805-53,영환조이마을 A동 545호,016-807-8004,iyeonggil@example.net
이영숙,75052,대전광역시 서구 도산대041거리 30-75 (중수송동),수민배빌라 P동 974호,055-216-9543,pi@example.com
김정남,90929,부산광역시 양천구 논현길 지하756,예준한박연립,052-374-4179,gimdoyun@example.org
주옥자,86656,전라남도 청주시 청원구 백제고분가 456 (은경양오면),준혁김김타운,070-6527-1875,minseoggim@example.net
김승민,65180,세종특별자치시 영등포구 강남대3거리 574 (옥순진박읍),경수이박타워 975호,011-099-9122,ogjasong@example.net
지준영,63189,광주광역시 노원구 반포대가 552,준영문이연립,019-994-5654,xbag@example.org
장지연,21468,충청남도 청주시 흥덕구 강남대길 257-94,미숙이타워,070-2282-0920,zi@example.com
장선영,13923,경기도 고양시 일산동구 테헤란거리 561 (상훈이손면),준혁조빌라 785호,042-773-9044,imyeongja@example.com
이경수,94888,울산광역시 은평구 테헤란42길 643 (성진서읍),혜진박이타운 232호,061-101-9657,junhyeogi@example.org
허서현,43717,제주특별자치도 동두천시 역삼95로 지하585 (명자홍최동),정수장빌라,070-4542-3166,hyeonji20@example.org
안은서,74829,광주광역시 광진구 봉은사122로 970 (성수장고마을),영미박박연립,062-187-1417,hgim@example.com
전경자,62469,인천광역시 성동구 봉은사849거리 444-66,영일박아파트,041-042-7933,ocoe@example.org
이순옥,03100,서울특별시 금천구 백제고분가 674-15 (민지윤한리),승현오김아파트,061-140-8317,seongjinbae@example.org
김재호,52761,서울특별시 송파구 강남대로 276,예준이타운,031-044-0070,imyeongsug@example.net
김상현,66759,경상북도 진천군 압구정65길 465,영숙이이빌라,016-739-2146,yejihan@example.net
배혜진,35261,경기도 안양시 만안구 언주56거리 457-38,영자이타워 O동 244호,064-778-1214,jeongsuggo@example.org
류상현,82747,충청북도 정선군 반포대길 221 (상훈김면),숙자최마을,042-268-6203,jieungim@example.com
이민석,40728,인천광역시 금천구 봉은사29가 지하937 (정희고동),지아박배타운,055-232-6918,yejin66@example.org
최경희,22373,강원도 홍천군 가락44거리 지하642 (수빈한동),수빈성김타운 G동 277호,064-766-3174,hyeonu40@example.org
안은주,00308,대전광역시 동대문구 영동대5거리 지하612 (정식오송마을),현정박이연립,011-117-2544,eunyeong19@example.org
박상철,30499,울산광역시 강동구 학동거리 9 (지우홍문리),은주이타워,053-213-5463,sangho47@example.org
한영자,45541,대구광역시 남구 서초대길 962-49 (미영남김읍),경숙손윤타운 바동 411호,032-909-8929,gimjaehyeon@example.net
성서연,35056,경기도 연천군 압구정174길 749 (은경박김읍),종수이타워,033-154-7509,kmin@example.com
장현정,06285,인천광역시 성동구 강남대로 489-90,지민안아파트 081호,041-479-3759,eomboram@example.net
최성호,20200,대전광역시 양천구 양재천28거리 205-68 (주원한홍리),민재이최빌라 455호,017-827-3315,borami@example.net
권예지,60612,광주광역시 서대문구 역삼8로 지하596,정웅김송연립,054-459-8793,baeseongmin@example.org
고상현,90659,충청남도 안산시 단원구 언주로 325 (지우임김읍),은지송최아파트,011-814-8683,jinho10@example.org
이준영,21308,경상남도 안산시 상록구 선릉로 120,영진최황아파트,016-797-7995,wjang@example.org
김지우,21408,대전광역시 영등포구 삼성가 155 (지우류동),영희안마을 O동 427호,031-247-2860,yeongjacoe@example.com
이예준,60130,광주광역시 금천구 양재천2가 837 (성진이류면),경희최아파트 마동 553호,062-827-7864,yan@example.com
이지은,16391,충청남도 논산시 오금794길 614,민준김박타운 732호,063-922-2639,seonghyeongim@example.org
윤영철,77301,충청남도 괴산군 반포대가 120-45 (지훈이배리),정자김타워 318호,019-739-1353,gimujin@example.com
장선영,43347,서울특별시 강북구 도산대270거리 139 (옥자김정면),옥자최백마을 477호,055-765-9318,juyeji@example.net
이상훈,05672,광주광역시 서초구 서초중앙787가 516-40 (예준손읍),민수김마을 051동 738호,063-069-6142,anhyeonsug@example.com
김명자,20685,울산광역시 구로구 석촌호수로 489,채원김윤타워 S동 126호,061-117-4568,gimjeongsu@example.com
하아름,34057,세종특별자치시 서대문구 압구정61거리 676-22,성진김타운 184호,02-8765-1930,sangceol59@example.net
김영환,01661,경상북도 안산시 단원구 가락길 202-2 (유진서송마을),은서주타운 바동 873호,051-628-0888,jeongnamgo@example.net
김숙자,78121,강원도 서산시 논현로 365,지영박타운 라동 680호,070-9063-0762,byeongceolbag@example.net
최하은,67671,강원도 하남시 백제고분가 11-69,혜진안타워,053-429-8193,areum70@example.net
이도윤,30403,인천광역시 송파구 역삼62로 37 (지원황김동),은정백우마을 275호,031-929-7365,gyeongsugcoe@example.com
이지민,19845,전라북도 화천군 강남대길 739-89,예지김홍타운 434호,063-631-2544,yeongceolji@example.org
안재현,07711,충청북도 오산시 개포07로 871 (현지홍리),서영김마을 306호,070-3771-4387,gimseongsu@example.com
김정훈,04764,대전광역시 광진구 봉은사649로 718-30 (준혁박리),민준한마을 V동 444호,052-703-8504,bagseoyun@example.org
윤병철,83459,대구광역시 금천구 강남대219가 963 (영순박면),정남이타운,061-208-5660,ssim@example.net
이은주,71824,울산광역시 관악구 강남대거리 382-41 (영환박읍),영일윤김타운 343호,011-220-4912,seonyeongsong@example.org
김준영,50219,경기도 청양군 테헤란로 739-49,준서박타운 W동 818호,041-834-1914,imyeongsug@example.com
장정숙,36005,경기도 원주시 반포대길 451,영호전타워,016-509-6170,minjae27@example.net
오지연,84032,서울특별시 강서구 삼성가 590 (수민김읍),주원이타운 마동 291호,044-272-1372,seongsuyang@example.net
이은정,96936,경기도 안산시 단원구 테헤란993로 928,정희김빌라 651호,011-052-5392,yejigim@example.net
한정자,14036,전라남도 고성군 논현5가 950-67 (진호박리),수빈김박마을 I동 370호,062-937-9066,ngim@example.com
박하은,90718,세종특별자치시 동대문구 잠실7거리 651 (지은김면),채원김이연립 M동 006호,033-955-0338,eseo@example.net
김경숙,88959,인천광역시 송파구 석촌호수가 938,민수김김타운 H동 522호,051-439-0828,ri@example.net
박영수,95570,충청북도 예산군 도산대5길 261 (영숙서마을),승민김타운 979호,070-5066-5172,yeonggil93@example.org
김상현,15739,강원도 부천시 서초대7로 142 (민서김김마을),미숙서빌라 036호,032-242-6518,eomhyeonu@example.net
권서영,15003,서울특별시 강서구 삼성길 816 (재호이리),민석서타워 Z동 407호,052-748-6192,junhogim@example.net
김중수,46890,세종특별자치시 금천구 반포대가 7,상철윤김연립,064-775-3248,cjang@example.net
송성현,70362,인천광역시 구로구 역삼가 162 (아름한김리),지아류연립 138호,042-297-0444,yeonghwan43@example.net
박도윤,61345,경기도 옥천군 강남대가 775,미영김이마을 301호,010-6873-1810,bagyeonggil@example.com
김순자,90971,광주광역시 양천구 도산대592거리 994 (정자민이읍),경숙남김아파트,041-987-2973,fbag@example.com
구지우,52699,전라남도 인제군 언주017길 798-66,민지남마을,018-922-6758,doyunyun@example.com
김경수,66940,충청남도 영동군 잠실368길 274 (수진엄읍),상철이민마을 929호,019-520-7904,mijeong10@example.com
김상훈,88606,대전광역시 중랑구 학동58가 493,진우이연립 230호,055-068-3672,ti@example.net
문서준,50151,경기도 계룡시 가락9길 지하458,혜진허이빌라 244호,062-168-9716,fi@example.net
한정식,13781,경상북도 청주시 상당구 서초중앙로 143 (준혁김마을),도현고연립,043-554-6087,hongeunji@example.com
김미정,16951,대전광역시 강북구 개포길 388-46,서준문연립,033-506-8885,gimhyeonu@example.com
하지연,73271,충청남도 부천시 소사구 잠실69거리 886-61 (종수김김동),윤서김양아파트 M동 797호,070-9063-3842,myeongsuggim@example.com
최재현,77138,경기도 구리시 테헤란가 102-43 (성수김김읍),시우김박연립 가동 398호,011-472-3434,iyeonghwan@example.com
신광수,76366,경상북도 포천시 석촌호수410가 109-25,은영김마을 984호,010-9962-6945,ancaeweon@example.com
이경희,04822,세종특별자치시 구로구 테헤란길 366,재호김이타운 834호,031-886-0532,jeongsumin@example.com
이영식,77437,인천광역시 중랑구 언주70가 431-71,은영홍박연립 036호,044-563-0347,seunghyeon45@example.org
김영미,39952,경상남도 가평군 잠실778로 859 (명숙김리),지아김김연립,019-431-4987,hsong@example.net
오서윤,24979,광주광역시 남구 역삼길 35-7,시우이타운 052호,018-910-5508,sugjabag@example.org
김영미,35625,전라남도 철원군 오금41길 688-75,재호이아파트 472호,063-621-0572,fbag@example.org
박준서,30715,강원도 양평군 압구정79거리 832,성현최김타워 D동 380호,070-7973-5662,yunjiyeon@example.com
박예진,46836,강원도 안산시 상록구 백제고분6가 671,영환서윤연립 D동 910호,02-4272-1871,bagseongsu@example.net
박재현,97531,경상남도 고성군 테헤란1로 95,성수한연립,043-681-5780,minseog44@example.net
서영미,66388,대구광역시 강남구 삼성9가 269 (종수이면),도윤송김타워 799호,041-757-3385,eunjijin@example.net
김서현,91161,광주광역시 성동구 백제고분037로 172,건우장조마을 664호,019-945-5724,ogja54@example.com
박서준,28721,제주특별자치도 고양시 일산서구 영동대거리 지하676 (지아손마을),서영최연립,011-059-2317,njang@example.com
문수진,81748,광주광역시 서대문구 테헤란가 지하833 (은서류읍),영진서김타운,042-148-7784,gimminji@example.org
노하윤,20113,울산광역시 금천구 압구정1길 821 (지아김리),영호장마을 I동 316호,061-216-4213,zju@example.com
박진호,48701,울산광역시 동작구 논현9로 768 (우진박김리),민재김연립 Y동 792호,044-668-2157,qheo@example.com
곽미정,59085,경상남도 청주시 상당구 오금3길 576-55,준혁오빌라,018-013-0923,ygim@example.net
안영수,86334,대구광역시 종로구 반포대거리 470-16,준서김타워 129호,011-009-5608,geonucoe@example.net
이중수,29312,전라남도 성남시 수정구 오금20가 629,경자이연립 마동 515호,02-2238-0042,minseoggim@example.net
배미영,49460,세종특별자치시 마포구 삼성7가 815,서준조타워,064-738-1432,igyeongja@example.org
김정순,66704,경상북도 평창군 논현길 708-51,성민유마을,031-604-6515,coejihu@example.net
김현준,55298,경상북도 양구군 봉은사길 760,정순박김타워 504호,031-308-0629,yeongjinyang@example.com
김재호,98460,경상북도 영월군 언주75거리 844,영일이김타워,042-769-4266,xgweon@example.org
최지우,53282,경상남도 공주시 삼성17거리 71-18 (정호홍박동),수민김박연립 297호,063-547-6401,eunju80@example.com
서준서,47459,울산광역시 용산구 백제고분길 지하44 (준혁차마을),병철강이아파트 509호,02-7707-8819,yeonghyi48@example.net
송현숙,61306,대구광역시 종로구 강남대가 731,영미이윤타운 D동 428호,051-938-4313,juweongang@example.org
박경숙,37228,경상남도 예산군 가락거리 407-5 (도윤김김읍),은주이연립 133호,061-913-7982,gimsunja@example.com
이준호,16655,세종특별자치시 강남구 언주로 712,승민한한연립,033-468-9178,minjun58@example.org
김지연,54491,광주광역시 광진구 삼성길 574,준영홍마을,031-912-8223,mcoe@example.net
한정식,29849,충청북도 춘천시 테헤란길 482-82,주원안김타운 O동 569호,064-718-2281,ihayun@example.net
김지영,44780,경상남도 용인시 처인구 언주257가 345-61,우진김송연립,064-720-1534,boram37@example.org
노은서,96371,인천광역시 강서구 테헤란0길 지하962,도윤강이타워 Q동 367호,064-775-3160,eunyeong74@example.com
우영미,97387,경기도 포천시 학동가 지하857 (준영이리),준서김권빌라 T동 635호,064-777-9662,qgim@example.org
이시우,06046,강원도 보은군 잠실84가 지하513,영진안타워 292호,010-8788-3408,wgim@example.com
양영환,28161,충청북도 천안시 서북구 선릉612거리 418-80,재현김타워,018-984-5954,yeeuni@example.org
최준영,71235,광주광역시 중랑구 개포가 273-9,혜진박류타운,018-094-8020,namhyeonjeong@example.com
이지연,49798,부산광역시 영등포구 테헤란가 940-77,정순이아파트 546호,043-435-9079,mgim@example.org
김경숙,82375,전라북도 청주시 흥덕구 논현길 869,영철박타워 712호,044-862-7408,ijuweon@example.net
오민지,49601,충청남도 청주시 상당구 언주가 916 (민재김리),병철이타워,044-858-7546,minjunryu@example.net
김승현,31783,인천광역시 동대문구 석촌호수로 524 (광수허리),병철서임빌라 마동 823호,031-313-3055,ygim@example.org
윤현숙,40161,울산광역시 성동구 석촌호수6길 973 (정숙서박마을),서준김김아파트,044-198-6725,sujinsim@example.com
최영호,27132,강원도 김포시 서초대012거리 986,영수김김아파트 95동 922호,031-077-4432,hgim@example.org
주은주,16236,광주광역시 남구 도산대780로 지하85,수빈이타운 721호,053-018-0934,jinseongmin@example.net
이혜진,90269,대전광역시 노원구 강남대길 지하952,민수김빌라,011-523-1211,yujingim@example.org
김준호,13649,인천광역시 용산구 압구정7거리 367,우진권마을,062-208-7049,ui@example.org
김옥자,57663,서울특별시 동작구 석촌호수32길 647,성민이아파트 X동 567호,052-106-1376,xbag@example.org
김민서,84130,경기도 고양시 일산서구 서초대192가 566 (영수박동),경숙이송마을,051-829-0987,jinhoha@example.com
박수민,36842,경기도 동두천시 가락거리 868 (숙자권손마을),도윤한타운,051-212-4128,jeonghyi92@example.org
조정남,88846,울산광역시 동구 봉은사69로 지하36 (현숙안동),명자류한타워 322호,053-858-8933,hgim@example.org
최경자,19021,부산광역시 성동구 백제고분0로 200,상철이마을 822호,064-714-2571,seongjin03@example.com
이선영,11477,충청남도 포천시 영동대로 28 (숙자이김동),정호이곽타운 229호,017-184-1352,junyeongan@example.net
이영일,85944,제주특별자치도 용인시 처인구 잠실길 405-6 (서영박강리),종수백타워 668동 474호,054-364-8614,munhyeonjeong@example.org
이지민,55314,강원도 음성군 개포16로 776 (은정강박동),선영김타운 N동 811호,054-820-1961,jiai@example.net
김준영,52271,전라북도 양평군 서초중앙거리 229-30 (선영이동),성진남류빌라 마동 828호,063-606-8803,rnam@example.org
황민준,98715,전라북도 영월군 언주10거리 824,경희이타운 G동 777호,033-403-9893,bseong@example.org
박영숙,27373,부산광역시 구로구 오금거리 126 (현주김이동),명숙이강타운,064-716-3508,wgim@example.net
조선영,30283,인천광역시 성북구 테헤란61가 595-67,순옥이타워,031-463-0801,zhwang@example.com
김준서,46179,경기도 성남시 수정구 언주거리 474 (지우강이마을),서현김타운,018-299-5127,gimjunseo@example.com
김영희,14136,대전광역시 중구 도산대거리 720 (서윤양이리),지은고김빌라 F동 452호,055-098-7092,jiu64@example.com
김수빈,80998,서울특별시 동대문구 논현9길 455-43,지연김타워 323호,033-887-9278,hongjinu@example.net
조준서,65719,서울특별시 강북구 논현01길 165 (정남이박마을),은경박아파트 628호,02-6406-3078,ui@example.com
박지우,88388,충청북도 원주시 논현가 484-8 (영숙백이리),수빈이아파트 L동 693호,02-0518-6448,seunghyeon45@example.com
장영철,43825,경상북도 태백시 압구정3거리 456-17 (유진이리),민재조타워,032-499-1386,jeongsig18@example.com
양영수,95783,대구광역시 동구 서초대771거리 512 (정숙박심동),시우이연립 744호,051-278-2317,jinuhwang@example.net
이혜진,47157,경기도 논산시 논현거리 296,상호이타워,010-3724-0279,eunju06@example.com
김광수,44653,광주광역시 강북구 강남대길 135-62,지민이연립,042-168-6493,anminjun@example.com
이지원,96203,부산광역시 영등포구 잠실거리 459-84,시우김김타운 386호,051-690-2872,gyeongsui@example.org
박옥순,99211,세종특별자치시 강북구 오금0가 지하242 (숙자양리),윤서김빌라,043-833-5343,gimdohyeon@example.net
김성진,27701,세종특별자치시 광진구 선릉36길 124-99 (승현오윤면),성민배마을 B동 436호,033-397-6235,gojinu@example.net
김지아,41273,경기도 홍천군 선릉가 869,경숙박빌라,064-747-1787,yujincoe@example.org
유미영,34786,충청남도 의왕시 오금30로 84 (영진한동),춘자이김연립,064-723-5031,jihun49@example.net
이명숙,51115,전라북도 오산시 언주62거리 324-8,예진손고아파트,063-150-0068,nbae@example.net
심영길,40540,경상남도 부천시 오정구 잠실602로 682,상철장오빌라 639호,044-195-5294,sheo@example.com
최현준,49983,경상남도 가평군 백제고분가 지하818 (민준이리),영식권타워 278호,042-690-7855,coejihu@example.com
허성진,19211,부산광역시 중구 삼성길 154-22,민석김박연립,032-554-0369,rsong@example.org
박채원,78148,울산광역시 서대문구 반포대64거리 247 (경수이이면),보람최마을 U동 937호,031-570-9071,ogsuncoe@example.org
김영식,60293,울산광역시 금천구 압구정391길 847-14,영미최차타운 339호,044-443-9498,jeongja46@example.net
김현숙,55155,인천광역시 강북구 양재천3로 954,예진권김빌라 V동 060호,052-946-5749,bbag@example.org
이중수,34908,서울특별시 양천구 서초대거리 312-93 (민석김동),은주이류마을,044-719-1721,junhyeog55@example.net
강은경,93746,전라남도 보은군 반포대거리 250-74 (성현김면),경자강타운 162호,054-318-5877,gson@example.com
김도현,20182,세종특별자치시 남구 테헤란385가 8-12,서준최연립,011-982-0056,gimyeji@example.net
김민석,80455,세종특별자치시 구로구 잠실6길 지하433 (성수류마을),진우강김타워,011-214-5040,yeji31@example.com
김경희,30039,세종특별자치시 중구 삼성길 619-18,건우허김아파트,010-4814-8241,gyeongja45@example.org
조은지,35504,부산광역시 강남구 강남대07가 지하651,영자손신연립 A동 658호,053-189-4481,yi@example.com
이예준,32788,대전광역시 중랑구 서초중앙거리 524,영순강우타운 575호,016-608-2778,pjang@example.net
최승민,05624,서울특별시 중랑구 양재천9길 311-6 (경숙손김동),혜진이마을,042-661-3864,kgo@example.com
심영호,32525,서울특별시 구로구 봉은사34가 463-81 (아름윤황면),민준이김연립,042-338-0234,jeonghoi@example.net
이미숙,03713,부산광역시 북구 봉은사9가 587-68,영희윤김마을,041-449-8310,gimsugja@example.com
최숙자,56280,경상남도 용인시 수지구 학동로 313-81,동현박타운 X동 241호,042-726-0081,jangjeongsu@example.net
한정수,88275,전라남도 논산시 반포대89길 지하995,경숙이타운 바동 991호,016-437-5848,hyeonuyun@example.org
박정남,82048,세종특별자치시 노원구 논현2길 92-60,예은박이아파트,062-891-6714,ibyeongceol@example.net
김영길,77514,충청남도 고양시 일산동구 가락길 352,은서오연립 312호,02-7490-6634,lgim@example.com
이혜진,20309,경상남도 홍성군 오금가 598-46,상철김연립 R동 169호,051-647-2576,xi@example.com
정준호,66917,충청남도 용인시 처인구 개포거리 6 (유진엄동),준혁나민아파트 Q동 803호,011-073-9112,seoyuni@example.org
김미경,89617,전라남도 양평군 언주3로 765,승현박아파트,010-4758-0802,ai@example.com
오미정,38082,인천광역시 영등포구 개포45가 150 (성민최김면),옥자박이타워 196호,017-642-1219,gimjihu@example.net
김성훈,65011,경기도 보은군 테헤란079길 지하276,영희이빌라 T동 785호,051-781-5321,munyeongsun@example.net
장은정,51040,충청남도 공주시 서초중앙1거리 558,영자이빌라 가동 129호,031-168-9158,jinho07@example.org
문예준,67209,서울특별시 강서구 도산대거리 837 (숙자서읍),영철고이빌라 529호,033-551-6766,jeongsuggweon@example.org
박영진,69085,부산광역시 동대문구 압구정1길 743 (승현노노리),하은김마을,016-984-8079,jinho45@example.org
최서윤,22280,경기도 안양시 도산대73거리 343 (민서남리),순자오류타워,062-942-5400,yejunbag@example.net
강미경,40458,전라북도 화성시 언주로 706,은영김하타운 217호,042-703-9126,yejicoe@example.net
조서준,43066,세종특별자치시 중구 언주가 472 (진호김김동),영미이빌라,063-517-2124,doyungim@example.com
이옥순,77260,대구광역시 서초구 영동대로 518-11,지훈윤오연립,017-402-8552,gimseoyeon@example.net
김영환,47707,충청남도 보령시 서초대268거리 892-44 (지후백류면),아름최서아파트 M동 248호,02-0608-9935,minseoan@example.net
이도윤,17372,울산광역시 동작구 서초대1거리 158 (미정남이읍),지민최김타워,064-715-4461,caeweoni@example.com
손경수,06534,부산광역시 강동구 압구정467길 234-9 (지현황박마을),영순김이타운 511호,052-335-7383,junhoseong@example.com
서상호,54036,제주특별자치도 남양주시 도산대거리 383,은서구이빌라 V동 749호,041-787-5701,gimminseog@example.org
김상호,78481,울산광역시 서대문구 서초중앙길 897,보람이김아파트,044-284-4050,iogsun@example.net
배성훈,82785,경기도 용인시 기흥구 잠실70길 759,경숙김최타운 699호,031-628-9140,jiai@example.com
김정호,01883,충청북도 의정부시 오금길 449-61,정호권최타워 O동 521호,052-083-0144,pi@example.org
김옥자,22540,부산광역시 동대문구 도산대1가 488 (예지정마을),순자이타워 W동 217호,063-424-8594,ogja30@example.org
이수민,41534,경상북도 단양군 서초대058거리 지하119,정희김타운 L동 340호,032-718-2212,byeongceol97@example.com
이미경,53299,전라북도 금산군 도산대654가 367,준영김권아파트 361호,011-885-6237,pgim@example.org
김현지,21957,전라북도 서산시 백제고분99로 901 (민서김강마을),민지김아파트 H동 267호,019-161-7520,gimjimin@example.org
오지우,55122,강원도 남양주시 영동대가 682 (현정이리),예준김강타운 804호,052-349-7149,myeongjai@example.org
